t_s,theta1_rad_clean,theta2_rad_clean,theta1_rad_noisy,theta2_rad_noisy
0.000000,0.3000000000,0.0000000000,0.2966593575,-0.0037379063
0.010000,0.2998475599,0.0000074987,0.2973565123,0.0008693972
0.020000,0.2993903905,0.0000299795,0.3024832696,-0.0023162663
0.030000,0.2986289442,0.0000673964,0.3014724055,-0.0100059672
0.040000,0.2975639748,0.0001196727,0.3043165222,0.0037037172
0.050000,0.2961965367,0.0001867013,0.3043444794,-0.0021622501
0.060000,0.2945279844,0.0002683447,0.2960378155,0.0023151033
0.070000,0.2925599712,0.0003644353,0.2948073871,0.0015969581
0.080000,0.2902944482,0.0004747758,0.2885653926,0.0064608583
0.090000,0.2877336629,0.0005991390,0.2861575087,-0.0038841706
0.100000,0.2848801572,0.0007372688,0.2748003005,0.0059518381
0.110000,0.2817367660,0.0008888802,0.2760856098,-0.0066286491
0.120000,0.2783066145,0.0010536596,0.2727473842,0.0072736406
0.130000,0.2745931162,0.0012312657,0.2757823718,0.0006784616
0.140000,0.2705999700,0.0014213298,0.2689743217,0.0063205263
0.150000,0.2663311574,0.0016234564,0.2760546694,0.0029633042
0.160000,0.2617909394,0.0018372236,0.2713693195,-0.0002500529
0.170000,0.2569838529,0.0020621840,0.2615855946,0.0052410360
0.180000,0.2519147072,0.0022978656,0.2565966988,0.0023853342
0.190000,0.2465885798,0.0025437718,0.2523763400,0.0018214248
0.200000,0.2410108126,0.0027993830,0.2404797741,-0.0011800696
0.210000,0.2351870067,0.0030641567,0.2347432485,0.0060527403
0.220000,0.2291230181,0.0033375289,0.2242655921,-0.0049898606
0.230000,0.2228249523,0.0036189146,0.2209046499,0.0062542334
0.240000,0.2162991593,0.0039077089,0.2219985227,0.0044617500
0.250000,0.2095522272,0.0042032878,0.2102340863,0.0102471680
0.260000,0.2025909771,0.0045050093,0.2007562368,-0.0020405518
0.270000,0.1954224559,0.0048122143,0.1939170285,-0.0049626667
0.280000,0.1880539304,0.0051242279,0.1885921288,0.0049173536
0.290000,0.1804928801,0.0054403599,0.1862010543,0.0067542838
0.300000,0.1727469900,0.0057599066,0.1661993443,0.0014934908
0.310000,0.1648241431,0.0060821512,0.1634522386,0.0048126745
0.320000,0.1567324130,0.0064063654,0.1610565970,0.0102540702
0.330000,0.1484800553,0.0067318106,0.1412806150,0.0055534839
0.340000,0.1400754997,0.0070577387,0.1466994858,0.0060021440
0.350000,0.1315273411,0.0073833935,0.1273618160,0.0037270307
0.360000,0.1228443309,0.0077080120,0.1261957985,0.0019265869
0.370000,0.1140353681,0.0080308254,0.1144671008,-0.0056996522
0.380000,0.1051094893,0.0083510607,0.1068844249,0.0089464293
0.390000,0.0960758598,0.0086679414,0.0900133470,0.0072112279
0.400000,0.0869437635,0.0089806893,0.0875455607,0.0038562653
0.410000,0.0777225928,0.0092885255,0.0759281914,0.0021383410
0.420000,0.0684218386,0.0095906716,0.0744215192,0.0069201864
0.430000,0.0590510799,0.0098863512,0.0563456608,0.0167874126
0.440000,0.0496199731,0.0101747911,0.0495612462,0.0112601711
0.450000,0.0401382414,0.0104552225,0.0386819230,0.0088815800
0.460000,0.0306156643,0.0107268821,0.0325614997,0.0126810233
0.470000,0.0210620664,0.0109890141,0.0270702208,0.0157616422
0.480000,0.0114873064,0.0112408705,0.0115683285,0.0143468725
0.490000,0.0019012663,0.0114817130,0.0041284264,0.0173036473
0.500000,-0.0076861599,0.0117108142,-0.0128417032,0.0183231301
0.510000,-0.0172650770,0.0119274586,-0.0169294142,0.0082852758
0.520000,-0.0268256000,0.0121309441,-0.0328928545,0.0097041698
0.530000,-0.0363578652,0.0123205828,-0.0408419490,0.0101472315
0.540000,-0.0458520408,0.0124957029,-0.0396182971,0.0144013922
0.550000,-0.0552983384,0.0126556491,-0.0556947124,0.0145385875
0.560000,-0.0646870237,0.0127997843,-0.0678715058,0.0103479854
0.570000,-0.0740084273,0.0129274907,-0.0739394150,0.0187115088
0.580000,-0.0832529552,0.0130381705,-0.0902392672,0.0203647580
0.590000,-0.0924110998,0.0131312476,-0.0837804229,0.0163992677
0.600000,-0.1014734499,0.0132061681,-0.1039328348,0.0170883450
0.610000,-0.1104307010,0.0132624018,-0.1091596734,0.0150823985
0.620000,-0.1192736655,0.0132994429,-0.1206145053,0.0038051519
0.630000,-0.1279932825,0.0133168112,-0.1283260411,0.0128233067
0.640000,-0.1365806273,0.0133140529,-0.1416689041,0.0200427505
0.650000,-0.1450269209,0.0132907415,-0.1466575882,0.0010658780
0.660000,-0.1533235390,0.0132464789,-0.1499681893,0.0242167870
0.670000,-0.1614620211,0.0131808957,-0.1646302485,0.0101213591
0.680000,-0.1694340793,0.0130936530,-0.1701117619,0.0148000664
0.690000,-0.1772316062,0.0129844419,-0.1681632501,0.0151527360
0.700000,-0.1848466832,0.0128529853,-0.1844445170,0.0083983851
0.710000,-0.1922715885,0.0126990380,-0.1966838021,0.0120794181
0.720000,-0.1994988046,0.0125223876,-0.1937354494,0.0152927807
0.730000,-0.2065210250,0.0123228548,-0.2022513335,0.0209974774
0.740000,-0.2133311619,0.0121002942,-0.2089488966,0.0090045604
0.750000,-0.2199223525,0.0118545949,-0.2184639376,0.0166158585
0.760000,-0.2262879651,0.0115856805,-0.2250418403,0.0114665730
0.770000,-0.2324216054,0.0112935102,-0.2254945707,0.0073973578
0.780000,-0.2383171224,0.0109780783,-0.2395550698,0.0019097481
0.790000,-0.2439686134,0.0106394155,-0.2389167422,0.0080778840
0.800000,-0.2493704295,0.0102775882,-0.2478340619,0.0071757235
0.810000,-0.2545171803,0.0098926994,-0.2504864299,0.0137552660
0.820000,-0.2594037385,0.0094848886,-0.2590451458,0.0077222805
0.830000,-0.2640252442,0.0090543319,-0.2652601275,0.0127942919
0.840000,-0.2683771088,0.0086012421,-0.2722439094,0.0130056526
0.850000,-0.2724550189,0.0081258687,-0.2767632525,-0.0015783501
0.860000,-0.2762549395,0.0076284980,-0.2705856750,0.0143156823
0.870000,-0.2797731176,0.0071094526,-0.2837227268,0.0026559259
0.880000,-0.2830060844,0.0065690918,-0.2802498586,0.0109203995
0.890000,-0.2859506589,0.0060078110,-0.2873811487,0.0080097475
0.900000,-0.2886039495,0.0054260416,-0.2924399807,0.0088461575
0.910000,-0.2909633565,0.0048242508,-0.2854911336,0.0042838099
0.920000,-0.2930265742,0.0042029409,-0.2850070377,0.0021905404
0.930000,-0.2947915922,0.0035626493,-0.3043461945,0.0009460696
0.940000,-0.2962566972,0.0029039479,-0.2956113652,-0.0092737501
0.950000,-0.2974204740,0.0022274425,-0.2942894756,0.0087575749
0.960000,-0.2982818065,0.0015337723,-0.2978660606,-0.0011120889
0.970000,-0.2988398786,0.0008236094,-0.2872266788,0.0108756069
0.980000,-0.2990941747,0.0000976579,-0.2876708161,-0.0061986695
0.990000,-0.2990444801,-0.0006433463,-0.2970602547,-0.0006535134
1.000000,-0.2986908808,-0.0013986371,-0.3023909717,-0.0050829237
1.010000,-0.2980337637,-0.0021674179,-0.3023006479,-0.0040367529
1.020000,-0.2970738163,-0.0029488635,-0.3072714271,-0.0017172702
1.030000,-0.2958120258,-0.0037421202,-0.2899405501,-0.0061487846
1.040000,-0.2942496788,-0.0045463072,-0.2990043895,-0.0051098908
1.050000,-0.2923883599,-0.0053605173,-0.2889357827,-0.0081899451
1.060000,-0.2902299508,-0.0061838182,-0.2864051392,-0.0115525371
1.070000,-0.2877766286,-0.0070152532,-0.2901368701,-0.0043317246
1.080000,-0.2850308643,-0.0078538425,-0.2889774915,-0.0165398981
1.090000,-0.2819954208,-0.0086985844,-0.2823516982,-0.0093468386
1.100000,-0.2786733507,-0.0095484563,-0.2798661769,-0.0121421505
1.110000,-0.2750679942,-0.0104024160,-0.2696801294,-0.0112072927
1.120000,-0.2711829763,-0.0112594029,-0.2604667162,-0.0066537614
1.130000,-0.2670222035,-0.0121183395,-0.2652617629,-0.0089782857
1.140000,-0.2625898615,-0.0129781323,-0.2578873609,-0.0152078895
1.150000,-0.2578904111,-0.0138376734,-0.2636636280,-0.0103330189
1.160000,-0.2529285849,-0.0146958418,-0.2452141250,-0.0099926820
1.170000,-0.2477093832,-0.0155515049,-0.2348465847,-0.0167385881
1.180000,-0.2422380697,-0.0164035198,-0.2390016298,-0.0211479251
1.190000,-0.2365201674,-0.0172507346,-0.2405377471,-0.0168795435
1.200000,-0.2305614534,-0.0180919903,-0.2312590584,-0.0168357461
1.210000,-0.2243679541,-0.0189261218,-0.2293284903,-0.0264616274
1.220000,-0.2179459396,-0.0197519598,-0.2224090360,-0.0266759293
1.230000,-0.2113019185,-0.0205683319,-0.2147165051,-0.0273174439
1.240000,-0.2044426313,-0.0213740646,-0.1984728431,-0.0155553708
1.250000,-0.1973750451,-0.0221679846,-0.2000975325,-0.0227344391
1.260000,-0.1901063460,-0.0229489201,-0.1888082838,-0.0209433748
1.270000,-0.1826439332,-0.0237157030,-0.1859527346,-0.0331125970
1.280000,-0.1749954113,-0.0244671700,-0.1760619543,-0.0213735280
1.290000,-0.1671685832,-0.0252021641,-0.1747134644,-0.0187093930
1.300000,-0.1591714423,-0.0259195367,-0.1645564476,-0.0207303498
1.310000,-0.1510121648,-0.0266181485,-0.1491023536,-0.0232398453
1.320000,-0.1426991008,-0.0272968718,-0.1416721628,-0.0306428289
1.330000,-0.1342407666,-0.0279545916,-0.1313118604,-0.0272648662
1.340000,-0.1256458354,-0.0285902070,-0.1187163465,-0.0304363326
1.350000,-0.1169231285,-0.0292026336,-0.1048786609,-0.0282003339
1.360000,-0.1080816059,-0.0297908040,-0.1082015381,-0.0406290642
1.370000,-0.0991303570,-0.0303536703,-0.1055957587,-0.0357550144
1.380000,-0.0900785907,-0.0308902048,-0.0893443521,-0.0285943835
1.390000,-0.0809356257,-0.0313994023,-0.0717036139,-0.0282941239
1.400000,-0.0717108801,-0.0318802809,-0.0752848385,-0.0333363517
1.410000,-0.0624138614,-0.0323318840,-0.0660563434,-0.0295705476
1.420000,-0.0530541561,-0.0327532815,-0.0536895505,-0.0341809943
1.430000,-0.0436414189,-0.0331435712,-0.0418821228,-0.0294928292
1.440000,-0.0341853619,-0.0335018805,-0.0284395915,-0.0251996410
1.450000,-0.0246957446,-0.0338273675,-0.0202734373,-0.0356952370
1.460000,-0.0151823618,-0.0341192224,-0.0121520384,-0.0376138407
1.470000,-0.0056550337,-0.0343766688,-0.0172575340,-0.0271222177
1.480000,0.0038764056,-0.0345989653,0.0032772820,-0.0311006782
1.490000,0.0134021191,-0.0347854064,0.0084381267,-0.0317136573
1.500000,0.0229122777,-0.0349353236,0.0222767117,-0.0406522392
1.510000,0.0323970715,-0.0350480872,0.0295805084,-0.0355475045
1.520000,0.0418467204,-0.0351231067,0.0413397863,-0.0345258654
1.530000,0.0512514855,-0.0351598326,0.0555193529,-0.0248033720
1.540000,0.0606016796,-0.0351577568,0.0597961364,-0.0391165607
1.550000,0.0698876779,-0.0351164140,0.0611952540,-0.0468402685
1.560000,0.0790999290,-0.0350353826,0.0823365533,-0.0309153848
1.570000,0.0882289650,-0.0349142855,0.0841488485,-0.0419882846
1.580000,0.0972654122,-0.0347527912,0.0955956098,-0.0333441094
1.590000,0.1062000010,-0.0345506142,0.1046503102,-0.0327868263
1.600000,0.1150235761,-0.0343075163,0.1092670573,-0.0393740960
1.610000,0.1237271064,-0.0340233067,0.1153585120,-0.0336785384
1.620000,0.1323016942,-0.0336978434,0.1326763426,-0.0382246036
1.630000,0.1407385850,-0.0333310328,0.1444852956,-0.0309808512
1.640000,0.1490291766,-0.0329228312,0.1534800798,-0.0354036793
1.650000,0.1571650276,-0.0324732448,0.1425141403,-0.0435170076
1.660000,0.1651378667,-0.0319823300,0.1631770808,-0.0301154226
1.670000,0.1729396003,-0.0314501942,0.1766231686,-0.0389416754
1.680000,0.1805623212,-0.0308769956,0.1906823707,-0.0301708707
1.690000,0.1879983163,-0.0302629437,0.1937132306,-0.0363288123
1.700000,0.1952400738,-0.0296082997,0.1890030948,-0.0284532939
1.710000,0.2022802908,-0.0289133761,0.1999226704,-0.0281529874
1.720000,0.2091118803,-0.0281785371,0.2149804446,-0.0260355814
1.730000,0.2157279773,-0.0274041983,0.2117330743,-0.0299328902
1.740000,0.2221219457,-0.0265908270,0.2110659271,-0.0265303090
1.750000,0.2282873844,-0.0257389418,0.2259555233,-0.0255951052
1.760000,0.2342181325,-0.0248491125,0.2341911762,-0.0179812036
1.770000,0.2399082751,-0.0239219595,0.2420389464,-0.0202968286
1.780000,0.2453521487,-0.0229581539,0.2426387473,-0.0336410338
1.790000,0.2505443456,-0.0219584171,0.2544535033,-0.0226738685
1.800000,0.2554797188,-0.0209235197,0.2538541631,-0.0270253220
1.810000,0.2601533862,-0.0198542817,0.2630496258,-0.0156256877
1.820000,0.2645607345,-0.0187515715,0.2647625493,-0.0249931313
1.830000,0.2686974231,-0.0176163055,0.2596013639,-0.0221703790
1.840000,0.2725593874,-0.0164494469,0.2632718039,-0.0192739970
1.850000,0.2761428424,-0.0152520055,0.2666641496,-0.0291311017
1.860000,0.2794442851,-0.0140250364,0.2812539144,-0.0140941995
1.870000,0.2824604972,-0.0127696393,0.2826448529,-0.0059681140
1.880000,0.2851885482,-0.0114869577,0.2799858779,-0.0125525257
1.890000,0.2876257967,-0.0101781772,0.2905323660,-0.0053273090
1.900000,0.2897698930,-0.0088445253,0.2844823867,-0.0112754322
1.910000,0.2916187803,-0.0074872696,0.2825462824,-0.0128435369
1.920000,0.2931706964,-0.0061077168,0.2937188344,-0.0062704444
1.930000,0.2944241751,-0.0047072114,0.2998857565,-0.0023387248
1.940000,0.2953780467,-0.0032871347,0.2987970247,-0.0018569686
1.950000,0.2960314393,-0.0018489029,0.2918143175,-0.0008097079
1.960000,0.2963837790,-0.0003939659,0.2876904907,0.0025434041
1.970000,0.2964347903,0.0010761938,0.2961253737,0.0019861484
1.980000,0.2961844963,0.0025600633,0.3035567902,-0.0011340880
1.990000,0.2956332186,0.0040561003,0.3005804997,0.0013322462
2.000000,0.2947815767,0.0055627350,0.2973269438,0.0036594050
2.010000,0.2936304878,0.0070783716,0.2891499112,0.0086155709
2.020000,0.2921811660,0.0086013900,0.2863457706,0.0172153725
2.030000,0.2904351208,0.0101301479,0.2938788265,0.0059264281
2.040000,0.2883941567,0.0116629820,0.2812006457,0.0186123782
2.050000,0.2860603711,0.0131982100,0.2958901624,0.0112240168
2.060000,0.2834361529,0.0147341329,0.2880164444,0.0179233211
2.070000,0.2805241808,0.0162690360,0.2759724518,0.0196627075
2.080000,0.2773274205,0.0178011918,0.2767829425,0.0162641062
2.090000,0.2738491233,0.0193288610,0.2658835540,0.0245697793
2.100000,0.2700928226,0.0208502952,0.2684539051,0.0180471859
2.110000,0.2660623316,0.0223637384,0.2723318115,0.0270038812
2.120000,0.2617617397,0.0238674293,0.2709948793,0.0145786928
2.130000,0.2571954098,0.0253596030,0.2606298346,0.0333357880
2.140000,0.2523679740,0.0268384935,0.2405444034,0.0318070634
2.150000,0.2472843301,0.0283023353,0.2497131950,0.0356621745
2.160000,0.2419496375,0.0297493657,0.2444100706,0.0237595910
2.170000,0.2363693122,0.0311778269,0.2342628573,0.0277100420
2.180000,0.2305490228,0.0325859679,0.2350931837,0.0319352941
2.190000,0.2244946852,0.0339720468,0.2185952196,0.0316397249
2.200000,0.2182124570,0.0353343327,0.2215490827,0.0378485320
2.210000,0.2117087326,0.0366711081,0.2111244680,0.0287151845
2.220000,0.2049901366,0.0379806705,0.2075522531,0.0436442152
2.230000,0.1980635185,0.0392613349,0.2097682889,0.0401455381
2.240000,0.1909359454,0.0405114358,0.1926644381,0.0450551390
2.250000,0.1836146960,0.0417293290,0.1812381306,0.0351468900
2.260000,0.1761072531,0.0429133940,0.1715143566,0.0456831825
2.270000,0.1684212968,0.0440620358,0.1670502038,0.0474472578
2.280000,0.1605646963,0.0451736872,0.1606605095,0.0444128410
2.290000,0.1525455027,0.0462468105,0.1497619488,0.0433013906
2.300000,0.1443719406,0.0472798996,0.1540640317,0.0473034263
2.310000,0.1360523994,0.0482714820,0.1389282590,0.0412133255
2.320000,0.1275954255,0.0492201205,0.1256142991,0.0523978828
2.330000,0.1190097127,0.0501244157,0.1260668171,0.0484807894
2.340000,0.1103040932,0.0509830071,0.1019826528,0.0467133970
2.350000,0.1014875286,0.0517945754,0.1080928912,0.0454395659
2.360000,0.0925691001,0.0525578443,0.0988769352,0.0530122745
2.370000,0.0835579987,0.0532715822,0.0938278962,0.0464642948
2.380000,0.0744635154,0.0539346037,0.0754331624,0.0541896836
2.390000,0.0652950310,0.0545457716,0.0709317586,0.0553481136
2.400000,0.0560620061,0.0551039983,0.0584201043,0.0543128833
2.410000,0.0467739702,0.0556082477,0.0498732229,0.0552301277
2.420000,0.0374405114,0.0560575363,0.0324529050,0.0549267441
2.430000,0.0280712660,0.0564509351,0.0355968798,0.0560950312
2.440000,0.0186759075,0.0567875707,0.0203814312,0.0665454454
2.450000,0.0092641359,0.0570666269,0.0029710178,0.0632258761
2.460000,-0.0001543332,0.0572873459,-0.0006755531,0.0623023249
2.470000,-0.0095697793,0.0574490298,-0.0190011738,0.0568516189
2.480000,-0.0189724881,0.0575510415,-0.0277527411,0.0539318483
2.490000,-0.0283527621,0.0575928058,-0.0330941212,0.0586150866
2.500000,-0.0377009317,0.0575738109,-0.0340769826,0.0672412205
2.510000,-0.0470073658,0.0574936089,-0.0405184082,0.0577107423
2.520000,-0.0562624826,0.0573518172,-0.0606134432,0.0605819494
2.530000,-0.0654567602,0.0571481191,-0.0672663508,0.0577212922
2.540000,-0.0745807471,0.0568822646,-0.0736225858,0.0631101726
2.550000,-0.0836250724,0.0565540712,-0.0839570869,0.0614285395
2.560000,-0.0925804567,0.0561634246,-0.0915996278,0.0573184616
2.570000,-0.1014377212,0.0557102792,-0.1075129992,0.0523155319
2.580000,-0.1101877986,0.0551946587,-0.1074492105,0.0611915210
2.590000,-0.1188217421,0.0546166564,-0.1198650646,0.0650038746
2.600000,-0.1273307353,0.0539764358,-0.1296122145,0.0504870375
2.610000,-0.1357061013,0.0532742305,-0.1325455081,0.0665461076
2.620000,-0.1439393120,0.0525103448,-0.1426454261,0.0596143297
2.630000,-0.1520219967,0.0516851535,-0.1497224348,0.0431474811
2.640000,-0.1599459507,0.0507991021,-0.1608537728,0.0517849020
2.650000,-0.1677031438,0.0498527069,-0.1603159090,0.0501894183
2.660000,-0.1752857283,0.0488465546,-0.1769282797,0.0515036592
2.670000,-0.1826860466,0.0477813020,-0.1757888501,0.0504630818
2.680000,-0.1898966388,0.0466576763,-0.1914240124,0.0411986317
2.690000,-0.1969102499,0.0454764740,-0.1935166761,0.0464750753
2.700000,-0.2037198369,0.0442385611,-0.2088306774,0.0438281403
2.710000,-0.2103185749,0.0429448720,-0.2196726568,0.0446997078
2.720000,-0.2166998643,0.0415964094,-0.2118877772,0.0498311769
2.730000,-0.2228573358,0.0401942432,-0.2249636275,0.0354083261
2.740000,-0.2287848570,0.0387395100,-0.2247516214,0.0320056139
2.750000,-0.2344765375,0.0372334121,-0.2275738595,0.0454550944
2.760000,-0.2399267340,0.0356772164,-0.2436674916,0.0339071013
2.770000,-0.2451300553,0.0340722538,-0.2481736844,0.0398381562
2.780000,-0.2500813666,0.0324199178,-0.2493907553,0.0389381307
2.790000,-0.2547757943,0.0307216634,-0.2559948136,0.0199149908
2.800000,-0.2592087297,0.0289790058,-0.2586697847,0.0285366601
2.810000,-0.2633758325,0.0271935192,-0.2587587438,0.0227891670
2.820000,-0.2672730348,0.0253668353,-0.2720750590,0.0240095524
2.830000,-0.2708965440,0.0235006417,-0.2714009804,0.0233166348
2.840000,-0.2742428457,0.0215966806,-0.2680177522,0.0321627684
2.850000,-0.2773087064,0.0196567471,-0.2726943142,0.0236499912
2.860000,-0.2800911761,0.0176826875,-0.2753113649,0.0151113572
2.870000,-0.2825875902,0.0156763973,-0.2858026228,0.0185348460
2.880000,-0.2847955716,0.0136398198,-0.2840279364,0.0163716677
2.890000,-0.2867130325,0.0115749439,-0.2839380285,0.0102835811
2.900000,-0.2883381756,0.0094838024,-0.2859542373,0.0116919888
2.910000,-0.2896694954,0.0073684696,-0.2926637750,0.0013839702
2.920000,-0.2907057793,0.0052310596,-0.2850343954,0.0048969233
2.930000,-0.2914461084,0.0030737241,-0.2877004122,-0.0035629438
2.940000,-0.2918898578,0.0008986500,-0.2973459928,0.0057746232
2.950000,-0.2920366971,-0.0012919425,-0.2882940374,0.0002913716
2.960000,-0.2918865907,-0.0034958025,-0.2848482746,-0.0109189852
2.970000,-0.2914397971,-0.0057106505,-0.2932516048,0.0015335863
2.980000,-0.2906968692,-0.0079341808,-0.2911117656,-0.0107183131
2.990000,-0.2896586535,-0.0101640641,-0.2826060314,-0.0138325778
3.000000,-0.2883262891,-0.0123979498,-0.2956321756,-0.0159016280
3.010000,-0.2867012071,-0.0146334685,-0.2938985620,-0.0176308699
3.020000,-0.2847851292,-0.0168682346,-0.2810452620,-0.0158212422
3.030000,-0.2825800662,-0.0190998486,-0.2843181375,-0.0228819737
3.040000,-0.2800883166,-0.0213259000,-0.2883692109,-0.0173213378
3.050000,-0.2773124644,-0.0235439700,-0.2862920247,-0.0232561914
3.060000,-0.2742553770,-0.0257516337,-0.2718399366,-0.0378932699
3.070000,-0.2709202032,-0.0279464629,-0.2625571203,-0.0289145349
3.080000,-0.2673103703,-0.0301260291,-0.2704511107,-0.0322761333
3.090000,-0.2634295812,-0.0322879057,-0.2668822858,-0.0340474935
3.100000,-0.2592818116,-0.0344296711,-0.2617144877,-0.0367091427
3.110000,-0.2548713065,-0.0365489112,-0.2573430485,-0.0405521587
3.120000,-0.2502025764,-0.0386432219,-0.2455934509,-0.0355351661
3.130000,-0.2452803941,-0.0407102124,-0.2559626704,-0.0401699183
3.140000,-0.2401097898,-0.0427475072,-0.2387705999,-0.0509361153
3.150000,-0.2346960472,-0.0447527493,-0.2255739230,-0.0433069663
3.160000,-0.2290446988,-0.0467236027,-0.2254921410,-0.0455693604
3.170000,-0.2231615208,-0.0486577553,-0.2236964604,-0.0496381694
3.180000,-0.2170525282,-0.0505529210,-0.2150223824,-0.0568079468
3.190000,-0.2107239690,-0.0524068431,-0.2053533447,-0.0592954286
3.200000,-0.2041823187,-0.0542172963,-0.2074242662,-0.0521073492
3.210000,-0.1974342741,-0.0559820896,-0.2051233361,-0.0611610619
3.220000,-0.1904867471,-0.0576990692,-0.1881250908,-0.0565785609
3.230000,-0.1833468580,-0.0593661202,-0.1804192935,-0.0496435334
3.240000,-0.1760219289,-0.0609811700,-0.1799683110,-0.0624300027
3.250000,-0.1685194761,-0.0625421903,-0.1671763424,-0.0573980824
3.260000,-0.1608472033,-0.0640471997,-0.1652673292,-0.0540230584
3.270000,-0.1530129930,-0.0654942660,-0.1433875564,-0.0781025668
3.280000,-0.1450248998,-0.0668815088,-0.1510694658,-0.0675083368
3.290000,-0.1368911410,-0.0682071016,-0.1366712497,-0.0733227797
3.300000,-0.1286200891,-0.0694692742,-0.1257274713,-0.0653058121
3.310000,-0.1202202623,-0.0706663148,-0.1206474135,-0.0712046130
3.320000,-0.1117003163,-0.0717965724,-0.1129485820,-0.0713377251
3.330000,-0.1030690346,-0.0728584586,-0.0890158442,-0.0681381050
3.340000,-0.0943353198,-0.0738504500,-0.0895963830,-0.0667529521
3.350000,-0.0855081833,-0.0747710899,-0.0982944098,-0.0662484470
3.360000,-0.0765967361,-0.0756189905,-0.0708511485,-0.0785677418
3.370000,-0.0676101786,-0.0763928344,-0.0654076962,-0.0814084357
3.380000,-0.0585577910,-0.0770913768,-0.0625128530,-0.0841916207
3.390000,-0.0494489227,-0.0777134472,-0.0619660283,-0.0730632620
3.400000,-0.0402929819,-0.0782579506,-0.0354836824,-0.0752551248
3.410000,-0.0310994259,-0.0787238696,-0.0228950287,-0.0739095934
3.420000,-0.0218777498,-0.0791102657,-0.0280450696,-0.0749970481
3.430000,-0.0126374764,-0.0794162808,-0.0159878051,-0.0905577578
3.440000,-0.0033881454,-0.0796411383,-0.0026177708,-0.0786594209
3.450000,0.0058606971,-0.0797841448,0.0068375111,-0.0744676338
3.460000,0.0150995092,-0.0798446909,0.0160868447,-0.0811073964
3.470000,0.0243187643,-0.0798222526,0.0254421134,-0.0800652190
3.480000,0.0335089609,-0.0797163920,0.0289937170,-0.0843744298
3.490000,0.0426606340,-0.0795267584,0.0414367664,-0.0789941093
3.500000,0.0517643651,-0.0792530894,0.0474306092,-0.0777476219
3.510000,0.0608107928,-0.0788952110,0.0636558192,-0.0710447667
3.520000,0.0697906230,-0.0784530389,0.0706203078,-0.0863444980
3.530000,0.0786946394,-0.0779265786,0.0831770588,-0.0741316638
3.540000,0.0875137130,-0.0773159262,0.0846767352,-0.0829811715
3.550000,0.0962388126,-0.0766212685,0.0889309453,-0.0761365796
3.560000,0.1048610144,-0.0758428835,0.0992039221,-0.0714052931
3.570000,0.1133715113,-0.0749811404,0.1120179592,-0.0699093472
3.580000,0.1217616225,-0.0740364996,0.1189166109,-0.0641077875
3.590000,0.1300228026,-0.0730095131,0.1387135703,-0.0640016410
3.600000,0.1381466505,-0.0719008238,0.1373827093,-0.0724471490
3.610000,0.1461249183,-0.0707111658,0.1449226733,-0.0703458541
3.620000,0.1539495195,-0.0694413635,0.1536341993,-0.0646236272
3.630000,0.1616125374,-0.0680923320,0.1551252290,-0.0646734841
3.640000,0.1691062328,-0.0666650757,0.1662820576,-0.0700295255
3.650000,0.1764230520,-0.0651606882,0.1777607964,-0.0686243257
3.660000,0.1835556342,-0.0635803514,0.1908550553,-0.0614184661
3.670000,0.1904968181,-0.0619253347,0.1884199502,-0.0511205652
3.680000,0.1972396495,-0.0601969940,0.1928403478,-0.0653927276
3.690000,0.2037773875,-0.0583967710,0.1993530945,-0.0643916982
3.700000,0.2101035106,-0.0565261915,0.2046108751,-0.0636992920
3.710000,0.2162117230,-0.0545868647,0.2177648973,-0.0610060017
3.720000,0.2220959602,-0.0525804816,0.2129291597,-0.0559800196
3.730000,0.2277503943,-0.0505088135,0.2349641697,-0.0405453634
3.740000,0.2331694395,-0.0483737108,0.2238170599,-0.0455747614
3.750000,0.2383477562,-0.0461771012,0.2394491593,-0.0309745660
3.760000,0.2432802565,-0.0439209878,0.2502668314,-0.0467948100
3.770000,0.2479621075,-0.0416074477,0.2491777099,-0.0460242372
3.780000,0.2523887363,-0.0392386298,0.2530186489,-0.0322491059
3.790000,0.2565558329,-0.0368167530,0.2595091258,-0.0337529447
3.800000,0.2604593539,-0.0343441040,0.2574973625,-0.0308759983
3.810000,0.2640955260,-0.0318230351,0.2580923439,-0.0318568951
3.820000,0.2674608486,-0.0292559623,0.2675794887,-0.0234468007
3.830000,0.2705520965,-0.0266453626,0.2694084051,-0.0240737266
3.840000,0.2733663224,-0.0239937716,0.2663079578,-0.0169581911
3.850000,0.2759008589,-0.0213037815,0.2800359392,-0.0187339457
3.860000,0.2781533210,-0.0185780380,0.2813868629,-0.0151889476
3.870000,0.2801216068,-0.0158192379,0.2746838974,-0.0150037972
3.880000,0.2818038999,-0.0130301266,0.2703275890,-0.0215898577
3.890000,0.2831986701,-0.0102134950,0.2819728600,-0.0154286261
3.900000,0.2843046745,-0.0073721768,0.2883997822,-0.0108348376
3.910000,0.2851209583,-0.0045090458,0.2855084816,-0.0052253435
3.920000,0.2856468553,-0.0016270128,0.2854627839,0.0031868499
3.930000,0.2858819884,0.0012709774,0.2834149678,-0.0043380169
3.940000,0.2858262694,0.0041819490,0.2866264527,0.0074282701
3.950000,0.2854798989,0.0071028982,0.2909701764,0.0118687613
3.960000,0.2848433664,0.0100307967,0.2815734165,0.0070369825
3.970000,0.2839174492,0.0129625942,0.2766155266,0.0174208993
3.980000,0.2827032119,0.0158952222,0.2852108305,0.0122169085
3.990000,0.2812020056,0.0188255970,0.2760817596,0.0166496767
4.000000,0.2794154661,0.0217506232,0.2720463391,0.0213519877
4.010000,0.2773455131,0.0246671965,0.2812808947,0.0284862645
4.020000,0.2749943483,0.0275722074,0.2769619029,0.0287925309
4.030000,0.2723644533,0.0304625447,0.2674044356,0.0364455029
4.040000,0.2694585879,0.0333350983,0.2737211768,0.0293762497
4.050000,0.2662797874,0.0361867631,0.2649416381,0.0251119152
4.060000,0.2628313604,0.0390144421,0.2694637449,0.0379017035
4.070000,0.2591168856,0.0418150497,0.2543183633,0.0393474598
4.080000,0.2551402091,0.0445855153,0.2525374702,0.0500381399
4.090000,0.2509054406,0.0473227865,0.2501431628,0.0417518405
4.100000,0.2464169505,0.0500238326,0.2453467558,0.0501614652
4.110000,0.2416793659,0.0526856478,0.2421255961,0.0554343008
4.120000,0.2366975660,0.0553052546,0.2394729671,0.0626064192
4.130000,0.2314766787,0.0578797072,0.2304000152,0.0579267452
4.140000,0.2260220753,0.0604060944,0.2361526829,0.0615612083
4.150000,0.2203393659,0.0628815436,0.2210965337,0.0630968875
4.160000,0.2144343945,0.0653032233,0.2141719395,0.0643986573
4.170000,0.2083132334,0.0676683465,0.2062592626,0.0710915785
4.180000,0.2019821777,0.0699741742,0.2114924166,0.0716986479
4.190000,0.1954477391,0.0722180181,0.1956573297,0.0660726441
4.200000,0.1887166401,0.0743972440,0.1863650487,0.0755286061
4.210000,0.1817958076,0.0765092745,0.1787312050,0.0808154777
4.220000,0.1746923657,0.0785515921,0.1736624821,0.0765510114
4.230000,0.1674136291,0.0805217423,0.1656859114,0.0830274419
4.240000,0.1599670959,0.0824173364,0.1493379459,0.0761586162
4.250000,0.1523604399,0.0842360540,0.1520718451,0.0812242946
4.260000,0.1446015031,0.0859756461,0.1463594474,0.0874978094
4.270000,0.1366982874,0.0876339376,0.1398386588,0.0920328873
4.280000,0.1286589467,0.0892088300,0.1354647849,0.0859671086
4.290000,0.1204917781,0.0906983039,0.1295932499,0.0911936138
4.300000,0.1122052138,0.0921004214,0.1220078237,0.0912046940
4.310000,0.1038078114,0.0934133284,0.1062001012,0.0968524175
4.320000,0.0953082457,0.0946352573,0.0899735201,0.0935924518
4.330000,0.0867152985,0.0957645287,0.0910285448,0.0970021871
4.340000,0.0780378501,0.0967995539,0.0799132724,0.0994005470
4.350000,0.0692848688,0.0977388368,0.0710372076,0.0946242023
4.360000,0.0604654019,0.0985809758,0.0556734456,0.1042339171
4.370000,0.0515885652,0.0993246658,0.0462511279,0.0882199545
4.380000,0.0426635335,0.0999686999,0.0429984083,0.1066567292
4.390000,0.0336995300,0.1005119713,0.0338462498,0.1047730088
4.400000,0.0247058164,0.1009534743,0.0277776869,0.1013065733
4.410000,0.0156916828,0.1012923063,0.0133549766,0.0996480109
4.420000,0.0066664370,0.1015276693,0.0117709428,0.0962369568
4.430000,-0.0023606057,0.1016588704,-0.0012847053,0.1085910004
4.440000,-0.0113801328,0.1016853239,-0.0119177815,0.1032402168
4.450000,-0.0203828450,0.1016065517,-0.0257504456,0.0944215348
4.460000,-0.0293594663,0.1014221846,-0.0258295443,0.1052108933
4.470000,-0.0383007546,0.1011319629,-0.0407495144,0.0994467512
4.480000,-0.0471975120,0.1007357374,-0.0495097942,0.0970414136
4.490000,-0.0560405946,0.1002334698,-0.0574390251,0.1030087189
4.500000,-0.0648209225,0.0996252334,-0.0514994783,0.0938569625
4.510000,-0.0735294903,0.0989112132,-0.0713605382,0.0955465831
4.520000,-0.0821573765,0.0980917066,-0.0820995040,0.0970095715
4.530000,-0.0906957531,0.0971671232,-0.0850551384,0.0949058031
4.540000,-0.0991358952,0.0961379850,-0.0876180011,0.0994576228
4.550000,-0.1074691908,0.0950049263,-0.1031615816,0.0877908276
4.560000,-0.1156871490,0.0937686935,-0.1101406503,0.0939145961
4.570000,-0.1237814100,0.0924301449,-0.1270140374,0.0831452934
4.580000,-0.1317437530,0.0909902500,-0.1278886527,0.0873140487
4.590000,-0.1395661052,0.0894500892,-0.1399561430,0.0900601621
4.600000,-0.1472405500,0.0878108532,-0.1428581791,0.0841977563
4.610000,-0.1547593349,0.0860738419,-0.1612550183,0.0743078200
4.620000,-0.1621148796,0.0842404637,-0.1550754008,0.0876417611
4.630000,-0.1692997830,0.0823122343,-0.1766600642,0.0831067034
4.640000,-0.1763068312,0.0802907760,-0.1762874289,0.0835314316
4.650000,-0.1831290038,0.0781778158,-0.1817163690,0.0823373717
4.660000,-0.1897594813,0.0759751844,-0.1907209220,0.0596765622
4.670000,-0.1961916509,0.0736848146,-0.1937243951,0.0770889624
4.680000,-0.2024191133,0.0713087399,-0.2017882905,0.0666410448
4.690000,-0.2084356880,0.0688490922,-0.2073806071,0.0685887926
4.700000,-0.2142354198,0.0663081006,-0.2176984260,0.0643507878
4.710000,-0.2198125829,0.0636880890,-0.2220894778,0.0622014565
4.720000,-0.2251616873,0.0609914741,-0.2302231996,0.0655067196
4.730000,-0.2302774823,0.0582207634,-0.2345401819,0.0589419652
4.740000,-0.2351549622,0.0553785526,-0.2208166454,0.0577015214
4.750000,-0.2397893697,0.0524675235,-0.2396218801,0.0614449669
4.760000,-0.2441762001,0.0494904413,-0.2456437971,0.0491366431
4.770000,-0.2483112052,0.0464501520,-0.2568412484,0.0457547207
4.780000,-0.2521903963,0.0433495796,-0.2541946239,0.0471963946
4.790000,-0.2558100480,0.0401917236,-0.2586133335,0.0399505883
4.800000,-0.2591667003,0.0369796559,-0.2578735861,0.0421596942
4.810000,-0.2622571619,0.0337165176,-0.2593226857,0.0463475416
4.820000,-0.2650785124,0.0304055162,-0.2633440922,0.0193649685
4.830000,-0.2676281043,0.0270499225,-0.2753627133,0.0206713841
4.840000,-0.2699035650,0.0236530668,-0.2623364144,0.0294064046
4.850000,-0.2719027987,0.0202183362,-0.2637789748,0.0277510486
4.860000,-0.2736239876,0.0167491708,-0.2772259143,0.0183820194
4.870000,-0.2750655930,0.0132490604,-0.2747715271,0.0150715998
4.880000,-0.2762263566,0.0097215409,-0.2696655825,0.0081609761
4.890000,-0.2771053011,0.0061701906,-0.2832153893,-0.0075814883
4.900000,-0.2777017306,0.0025986265,-0.2869092974,-0.0082937288
4.910000,-0.2780152313,-0.0009894993,-0.2848488388,0.0013527846
4.920000,-0.2780456710,-0.0045905034,-0.2725232096,0.0073552463
4.930000,-0.2777931996,-0.0082006750,-0.2728084902,-0.0087700196
4.940000,-0.2772582483,-0.0118162798,-0.2805933169,-0.0167763875
4.950000,-0.2764415293,-0.0154335639,-0.2769125428,-0.0121401832
4.960000,-0.2753440349,-0.0190487577,-0.2765563117,-0.0190034511
4.970000,-0.2739670365,-0.0226580799,-0.2772003524,-0.0284877532
4.980000,-0.2723120836,-0.0262577417,-0.2705648797,-0.0258398572
4.990000,-0.2703810021,-0.0298439502,-0.2613000211,-0.0270322366
5.000000,-0.2681758927,-0.0334129135,-0.2719453602,-0.0395808618
5.010000,-0.2656991293,-0.0369608436,-0.2645703100,-0.0313550367
5.020000,-0.2629533565,-0.0404839613,-0.2572085705,-0.0379127661
5.030000,-0.2599414876,-0.0439785000,-0.2647915435,-0.0422873562
5.040000,-0.2566667019,-0.0474407095,-0.2538150731,-0.0504377266
5.050000,-0.2531324421,-0.0508668606,-0.2474934053,-0.0579776474
5.060000,-0.2493424110,-0.0542532484,-0.2544028558,-0.0509492433
5.070000,-0.2453005683,-0.0575961971,-0.2382287817,-0.0606042809
5.080000,-0.2410111274,-0.0608920634,-0.2333971518,-0.0633032877
5.090000,-0.2364785514,-0.0641372409,-0.2269049604,-0.0565958896
5.100000,-0.2317075492,-0.0673281636,-0.2282328398,-0.0710469120
5.110000,-0.2267030711,-0.0704613103,-0.2285130608,-0.0638464984
5.120000,-0.2214703047,-0.0735332081,-0.2194917421,-0.0815939052
5.130000,-0.2160146698,-0.0765404363,-0.2166778720,-0.0816417853
5.140000,-0.2103418134,-0.0794796303,-0.2077354007,-0.0781982735
5.150000,-0.2044576049,-0.0823474853,-0.2022650106,-0.0903197269
5.160000,-0.1983681301,-0.0851407597,-0.2063977766,-0.0767830988
5.170000,-0.1920796855,-0.0878562792,-0.1906775782,-0.0855669621
5.180000,-0.1855987727,-0.0904909399,-0.1858198781,-0.0984647712
5.190000,-0.1789320916,-0.0930417118,-0.1785942465,-0.0906576076
5.200000,-0.1720865342,-0.0955056428,-0.1774831763,-0.1041309371
5.210000,-0.1650691778,-0.0978798611,-0.1701379179,-0.0932409731
5.220000,-0.1578872776,-0.1001615793,-0.1575800404,-0.0919749535
5.230000,-0.1505482601,-0.1023480970,-0.1436360986,-0.1086508788
5.240000,-0.1430597149,-0.1044368042,-0.1481755137,-0.1096118237
5.250000,-0.1354293875,-0.1064251842,-0.1420794244,-0.1074938356
5.260000,-0.1276651711,-0.1083108165,-0.1215130972,-0.1075222403
5.270000,-0.1197750983,-0.1100913797,-0.1189737328,-0.1152856705
5.280000,-0.1117673329,-0.1117646542,-0.1044495076,-0.1085086696
5.290000,-0.1036501612,-0.1133285248,-0.1077806519,-0.1072076066
5.300000,-0.0954319833,-0.1147809830,-0.0918147375,-0.1120607121
5.310000,-0.0871213041,-0.1161201301,-0.0815049920,-0.1143439046
5.320000,-0.0787267241,-0.1173441787,-0.0821136791,-0.1170995118
5.330000,-0.0702569303,-0.1184514555,-0.0690168428,-0.1213350059
5.340000,-0.0617206864,-0.1194404030,-0.0619562953,-0.1187918341
5.350000,-0.0531268238,-0.1203095819,-0.0609012838,-0.1218097976
5.360000,-0.0444842314,-0.1210576726,-0.0502422804,-0.1170046021
5.370000,-0.0358018462,-0.1216834772,-0.0431415435,-0.1185030539
5.380000,-0.0270886433,-0.1221859210,-0.0239017664,-0.1157017117
5.390000,-0.0183536261,-0.1225640540,-0.0199766132,-0.1224851570
5.400000,-0.0096058163,-0.1228170527,-0.0116717605,-0.1183188276
5.410000,-0.0008542437,-0.1229442206,-0.0038858160,-0.1271588857
5.420000,0.0078920634,-0.1229449902,0.0119243225,-0.1198001473
5.430000,0.0166240884,-0.1228189234,0.0126288647,-0.1283310265
5.440000,0.0253328364,-0.1225657126,0.0317886584,-0.1248600137
5.450000,0.0340093441,-0.1221851818,0.0381122583,-0.1289447662
5.460000,0.0426446896,-0.1216772867,0.0401056760,-0.1223728974
5.470000,0.0512300024,-0.1210421155,0.0443560870,-0.1270020141
5.480000,0.0597564727,-0.1202798891,0.0611098909,-0.1207931553
5.490000,0.0682153617,-0.1193909618,0.0750645490,-0.1105484191
5.500000,0.0765980104,-0.1183758208,0.0686024420,-0.1134834166
5.510000,0.0848958495,-0.1172350865,0.0831305432,-0.1154921402
5.520000,0.0931004082,-0.1159695123,0.0835146560,-0.1209627439
5.530000,0.1012033235,-0.1145799845,0.0941994744,-0.1077870727
5.540000,0.1091963491,-0.1130675212,0.1225461212,-0.1177086668
5.550000,0.1170713637,-0.1114332727,0.1113068128,-0.1085887267
5.560000,0.1248203800,-0.1096785198,0.1287958827,-0.1126854809
5.570000,0.1324355529,-0.1078046736,0.1282840556,-0.1150543468
5.580000,0.1399091871,-0.1058132745,0.1284660710,-0.1118171063
5.590000,0.1472337453,-0.1037059906,0.1455993454,-0.0964563211
5.600000,0.1544018560,-0.1014846168,0.1553295676,-0.1034872791
5.610000,0.1614063203,-0.0991510734,0.1584201425,-0.1002011488
5.620000,0.1682401192,-0.0967074044,0.1658889694,-0.0999247094
5.630000,0.1748964208,-0.0941557759,0.1709566691,-0.0909018256
5.640000,0.1813685865,-0.0914984743,0.1864729145,-0.0936975308
5.650000,0.1876501772,-0.0887379042,0.1911592499,-0.0864388274
5.660000,0.1937349597,-0.0858765865,0.1994162454,-0.0867014000
5.670000,0.1996169125,-0.0829171560,0.2013281008,-0.0863293724
5.680000,0.2052902307,-0.0798623595,0.2056277371,-0.0820238811
5.690000,0.2107493321,-0.0767150524,0.2052830480,-0.0817000623
5.700000,0.2159888617,-0.0734781972,0.2172417359,-0.0666615651
5.710000,0.2210036961,-0.0701548597,0.2159126737,-0.0690618372
5.720000,0.2257889485,-0.0667482069,0.2212670796,-0.0698061749
5.730000,0.2303399728,-0.0632615039,0.2314206206,-0.0591667813
5.740000,0.2346523670,-0.0596981102,0.2313758673,-0.0674746402
5.750000,0.2387219773,-0.0560614774,0.2322037429,-0.0616127564
5.760000,0.2425449014,-0.0523551449,0.2422567144,-0.0489313797
5.770000,0.2461174914,-0.0485827372,0.2438314442,-0.0486876515
5.780000,0.2494363570,-0.0447479601,0.2558051094,-0.0448840159
5.790000,0.2524983677,-0.0408545968,0.2535952889,-0.0401239977
5.800000,0.2553006555,-0.0369065045,0.2545635147,-0.0380475234
5.810000,0.2578406171,-0.0329076103,0.2541764825,-0.0338510543
5.820000,0.2601159154,-0.0288619073,0.2605355917,-0.0251342494
5.830000,0.2621244813,-0.0247734506,0.2630575577,-0.0318796631
5.840000,0.2638645153,-0.0206463532,0.2725726094,-0.0253234442
5.850000,0.2653344886,-0.0164847818,0.2641637822,-0.0189025767
5.860000,0.2665331440,-0.0122929523,0.2657803350,-0.0047782683
5.870000,0.2674594967,-0.0080751258,0.2561712449,-0.0107472293
5.880000,0.2681128346,-0.0038356040,0.2715609474,0.0005876857
5.890000,0.2684927190,0.0004212753,0.2646461276,0.0011890240
5.900000,0.2685989845,0.0046911427,0.2612025306,0.0026824204
5.910000,0.2684317386,0.0089696015,0.2702912536,0.0100321743
5.920000,0.2679913618,0.0132522330,0.2737203397,0.0220444493
5.930000,0.2672785068,0.0175346003,0.2589372807,0.0182738829
5.940000,0.2662940976,0.0218122534,0.2672392131,0.0193244476
5.950000,0.2650393287,0.0260807343,0.2620295469,0.0263730354
5.960000,0.2635156641,0.0303355809,0.2657570264,0.0327169002
5.970000,0.2617248352,0.0345723323,0.2596391211,0.0284077244
5.980000,0.2596688398,0.0387865335,0.2652396458,0.0422791739
5.990000,0.2573499402,0.0429737401,0.2628025972,0.0412740632
6.000000,0.2547706606,0.0471295229,0.2538643419,0.0479163465
6.010000,0.2519337853,0.0512494728,0.2563175589,0.0530817477
6.020000,0.2488423562,0.0553292057,0.2560966370,0.0543340445
6.030000,0.2454996696,0.0593643669,0.2345069694,0.0606055748
6.040000,0.2419092737,0.0633506358,0.2413009525,0.0584671972
6.050000,0.2380749652,0.0672837309,0.2339350975,0.0669578929
6.060000,0.2340007857,0.0711594140,0.2397241021,0.0704104884
6.070000,0.2296910183,0.0749734950,0.2241866478,0.0669164121
6.080000,0.2251501836,0.0787218366,0.2302652568,0.0742244999
6.090000,0.2203830357,0.0824003583,0.2204744133,0.0787895579
6.100000,0.2153945575,0.0860050414,0.2144403745,0.0915798281
6.110000,0.2101899561,0.0895319328,0.2064430233,0.0917062127
6.120000,0.2047746582,0.0929771497,0.1988301388,0.0913257969
6.130000,0.1991543049,0.0963368839,0.1976430236,0.0896364298
6.140000,0.1933347463,0.0996074055,0.1951014194,0.1096459229
6.150000,0.1873220357,0.1027850673,0.1777317109,0.1051799565
6.160000,0.1811224241,0.1058663088,0.1763385379,0.1059124456
6.170000,0.1747423539,0.1088476599,0.1710022212,0.1173471129
6.180000,0.1681884526,0.1117257452,0.1697399972,0.1165170347
6.190000,0.1614675264,0.1144972870,0.1554706308,0.1118840383
6.200000,0.1545865533,0.1171591095,0.1486252115,0.1258592491
6.210000,0.1475526758,0.1197081421,0.1457790179,0.1222442516
6.220000,0.1403731940,0.1221414229,0.1537343988,0.1217031810
6.230000,0.1330555582,0.1244561018,0.1349447990,0.1294221017
6.240000,0.1256073609,0.1266494440,0.1234115291,0.1290157257
6.250000,0.1180363292,0.1287188330,0.1206061343,0.1327611053
6.260000,0.1103503165,0.1306617735,0.1095717720,0.1295940754
6.270000,0.1025572945,0.1324758941,0.1074491321,0.1276341609
6.280000,0.0946653443,0.1341589506,0.0944646832,0.1459593106
6.290000,0.0866826485,0.1357088278,0.0818297148,0.1335421992
6.300000,0.0786174817,0.1371235429,0.0815656586,0.1398633731
6.310000,0.0704782022,0.1384012471,0.0808686524,0.1482649100
6.320000,0.0622732423,0.1395402280,0.0763775534,0.1449048028
6.330000,0.0540110998,0.1405389121,0.0541245259,0.1462784859
6.340000,0.0457003285,0.1413958665,0.0403773693,0.1484261946
6.350000,0.0373495286,0.1421098004,0.0238974579,0.1369996342
6.360000,0.0289673377,0.1426795676,0.0259591725,0.1422116392
6.370000,0.0205624209,0.1431041671,0.0182067623,0.1425536356
6.380000,0.0121434617,0.1433827454,0.0110349421,0.1528750717
6.390000,0.0037191518,0.1435145972,-0.0025533351,0.1492957715
6.400000,-0.0047018176,0.1434991668,-0.0015108262,0.1539189585
6.410000,-0.0131107662,0.1433360488,-0.0179761370,0.1485726533
6.420000,-0.0214990336,0.1430249896,-0.0220568363,0.1486197903
6.430000,-0.0298579891,0.1425658872,-0.0317018724,0.1427515553
6.440000,-0.0381790412,0.1419587925,-0.0403299979,0.1398701041
6.450000,-0.0464536466,0.1412039093,-0.0452206608,0.1436439224
6.460000,-0.0546733202,0.1403015950,-0.0647689748,0.1426935999
6.470000,-0.0628296435,0.1392523598,-0.0597470950,0.1402082655
6.480000,-0.0709142744,0.1380568679,-0.0673004273,0.1388994970
6.490000,-0.0789189561,0.1367159361,-0.0828223415,0.1363895500
6.500000,-0.0868355254,0.1352305344,-0.0852328252,0.1328180330
6.510000,-0.0946559220,0.1336017849,-0.0933688081,0.1352226088
6.520000,-0.1023721968,0.1318309612,-0.1068807226,0.1376891977
6.530000,-0.1099765204,0.1299194879,-0.1129457388,0.1329003468
6.540000,-0.1174611908,0.1278689395,-0.1265634937,0.1299296440
6.550000,-0.1248186420,0.1256810390,-0.1197893134,0.1288677832
6.560000,-0.1320414515,0.1233576569,-0.1321952038,0.1221438473
6.570000,-0.1391223476,0.1209008096,-0.1441980023,0.1250589588
6.580000,-0.1460542171,0.1183126582,-0.1425868257,0.1131335923
6.590000,-0.1528301123,0.1155955060,-0.1545170137,0.1119803756
6.600000,-0.1594432578,0.1127517972,-0.1621652623,0.1132557215
6.610000,-0.1658870571,0.1097841148,-0.1685632308,0.1096083671
6.620000,-0.1721550989,0.1066951780,-0.1685131451,0.1143987040
6.630000,-0.1782411634,0.1034878401,-0.1809439010,0.1070658255
6.640000,-0.1841392282,0.1001650861,-0.1796882242,0.0989809814
6.650000,-0.1898434736,0.0967300296,-0.1932972418,0.0926208663
6.660000,-0.1953482884,0.0931859105,-0.1977705162,0.0817414117
6.670000,-0.2006482745,0.0895360915,-0.1969637277,0.1008056482
6.680000,-0.2057382521,0.0857840554,-0.2062903064,0.0899354948
6.690000,-0.2106132641,0.0819334017,-0.2084891433,0.0758394996
6.700000,-0.2152685805,0.0779878430,-0.2210064742,0.0788516865
6.710000,-0.2196997025,0.0739512018,-0.2137512795,0.0774597122
6.720000,-0.2239023660,0.0698274066,-0.2179938338,0.0706069983
6.730000,-0.2278725456,0.0656204880,-0.2327027321,0.0660254321
6.740000,-0.2316064576,0.0613345751,-0.2354482057,0.0660817442
6.750000,-0.2351005631,0.0569738912,-0.2402200921,0.0580663580
6.760000,-0.2383515708,0.0525427495,-0.2414364124,0.0459391302
6.770000,-0.2413564396,0.0480455492,-0.2375958558,0.0415647096
6.780000,-0.2441123810,0.0434867706,-0.2424769328,0.0355199130
6.790000,-0.2466168608,0.0388709710,-0.2538057811,0.0376439778
6.800000,-0.2488676016,0.0342027798,-0.2436531321,0.0375909287
6.810000,-0.2508625837,0.0294868940,-0.2497071177,0.0299396391
6.820000,-0.2526000469,0.0247280730,-0.2470284907,0.0212198681
6.830000,-0.2540784917,0.0199311343,-0.2523106592,0.0299913744
6.840000,-0.2552966801,0.0151009479,-0.2523624023,0.0098981039
6.850000,-0.2562536360,0.0102424317,-0.2597600471,0.0067738643
6.860000,-0.2569486465,0.0053605462,-0.2511200640,0.0072796147
6.870000,-0.2573812613,0.0004602892,-0.2552624842,-0.0056657812
6.880000,-0.2575512935,-0.0044533092,-0.2713750795,-0.0107980945
6.890000,-0.2574588188,-0.0093751920,-0.2597406999,-0.0098023675
6.900000,-0.2571041757,-0.0143002806,-0.2573013225,-0.0108689230
6.910000,-0.2564879646,-0.0192234805,-0.2528784857,-0.0306377407
6.920000,-0.2556110469,-0.0241396861,-0.2551108245,-0.0264791111
6.930000,-0.2544745445,-0.0290437865,-0.2507575402,-0.0281318606
6.940000,-0.2530798381,-0.0339306710,-0.2579046708,-0.0347933574
6.950000,-0.2514285660,-0.0387952342,-0.2544621536,-0.0312997833
6.960000,-0.2495226226,-0.0436323819,-0.2516992160,-0.0458298502
6.970000,-0.2473641561,-0.0484370362,-0.2451474980,-0.0467718450
6.980000,-0.2449555671,-0.0532041409,-0.2458441494,-0.0578805529
6.990000,-0.2422995056,-0.0579286672,-0.2478903673,-0.0534540368
7.000000,-0.2393988692,-0.0626056191,-0.2413077060,-0.0702679724
7.010000,-0.2362567997,-0.0672300382,-0.2356125265,-0.0642179168
7.020000,-0.2328766811,-0.0717970097,-0.2392862576,-0.0725563540
7.030000,-0.2292621353,-0.0763016672,-0.2306315805,-0.0702944489
7.040000,-0.2254170196,-0.0807391985,-0.2285338945,-0.0821400847
7.050000,-0.2213454230,-0.0851048498,-0.2188760582,-0.0808789233
7.060000,-0.2170516618,-0.0893939317,-0.2193181092,-0.0814837836
7.070000,-0.2125402763,-0.0936018241,-0.2136735658,-0.0869418763
7.080000,-0.2078160260,-0.0977239806,-0.2076363792,-0.1003490935
7.090000,-0.2028838854,-0.1017559339,-0.2021350806,-0.1029591966
7.100000,-0.1977490390,-0.1056933007,-0.1961594441,-0.1005504793
7.110000,-0.1924168765,-0.1095317858,-0.1950895848,-0.1089006781
7.120000,-0.1868929877,-0.1132671873,-0.1887494087,-0.1092223909
7.130000,-0.1811831567,-0.1168954009,-0.1784499772,-0.1304934420
7.140000,-0.1752933568,-0.1204124244,-0.1727340020,-0.1226859622
7.150000,-0.1692297442,-0.1238143618,-0.1648152757,-0.1224779542
7.160000,-0.1629986518,-0.1270974278,-0.1659685019,-0.1233071308
7.170000,-0.1566065836,-0.1302579515,-0.1568359699,-0.1255846009
7.180000,-0.1500602071,-0.1332923808,-0.1470281055,-0.1330695449
7.190000,-0.1433663476,-0.1361972861,-0.1459020692,-0.1450096001
7.200000,-0.1365319806,-0.1389693638,-0.1303188171,-0.1423652535
7.210000,-0.1295642245,-0.1416054402,-0.1344943441,-0.1484453398
7.220000,-0.1224703340,-0.1441024748,-0.1236681542,-0.1384996392
7.230000,-0.1152576919,-0.1464575636,-0.1180881726,-0.1520739386
7.240000,-0.1079338016,-0.1486679426,-0.1010588764,-0.1485271291
7.250000,-0.1005062791,-0.1507309903,-0.1073297421,-0.1445010798
7.260000,-0.0929828451,-0.1526442314,-0.0928717497,-0.1492808989
7.270000,-0.0853713167,-0.1544053389,-0.0804585630,-0.1502175632
7.280000,-0.0776795991,-0.1560121370,-0.0797677108,-0.1607575490
7.290000,-0.0699156769,-0.1574626037,-0.0674629753,-0.1637598505
7.300000,-0.0620876059,-0.1587548730,-0.0670082816,-0.1617973276
7.310000,-0.0542035039,-0.1598872371,-0.0444499763,-0.1640638345
7.320000,-0.0462715422,-0.1608581486,-0.0437151978,-0.1697787044
7.330000,-0.0382999366,-0.1616662222,-0.0373558397,-0.1621631674
7.340000,-0.0302969384,-0.1623102366,-0.0247410498,-0.1604257587
7.350000,-0.0222708256,-0.1627891362,-0.0206382280,-0.1626624096
7.360000,-0.0142298936,-0.1631020322,-0.0028628819,-0.1709600732
7.370000,-0.0061824461,-0.1632482040,-0.0095409730,-0.1640785955
7.380000,0.0018632140,-0.1632271006,-0.0012573444,-0.1690906785
7.390000,0.0098987932,-0.1630383413,0.0038309167,-0.1613037159
7.400000,0.0179160174,-0.1626817164,0.0113462507,-0.1751746954
7.410000,0.0259066401,-0.1621571883,0.0279322064,-0.1638549223
7.420000,0.0338624519,-0.1614648914,0.0376310935,-0.1626339817
7.430000,0.0417752891,-0.1606051329,0.0408159886,-0.1642415554
7.440000,0.0496370430,-0.1595783925,0.0534068799,-0.1615858062
7.450000,0.0574396681,-0.1583853229,0.0495068592,-0.1597153381
7.460000,0.0651751914,-0.1570267492,0.0643779101,-0.1537361484
7.470000,0.0728357205,-0.1555036687,0.0793122153,-0.1584255630
7.480000,0.0804134520,-0.1538172505,0.0794464170,-0.1421425304
7.490000,0.0879006802,-0.1519688346,0.1008496100,-0.1469670411
7.500000,0.0952898048,-0.1499599310,0.1004891571,-0.1477334553
7.510000,0.1025733391,-0.1477922190,0.0965116645,-0.1472902349
7.520000,0.1097439178,-0.1454675456,0.1082084208,-0.1482805642
7.530000,0.1167943045,-0.1429879245,0.1127611889,-0.1433325460
7.540000,0.1237173991,-0.1403555342,0.1166673864,-0.1505810634
7.550000,0.1305062453,-0.1375727166,0.1315324562,-0.1422056901
7.560000,0.1371540370,-0.1346419747,0.1411660698,-0.1363224916
7.570000,0.1436541260,-0.1315659711,0.1419136753,-0.1380480036
7.580000,0.1500000277,-0.1283475252,0.1513115208,-0.1338024531
7.590000,0.1561854279,-0.1249896111,0.1616212781,-0.1357103326
7.600000,0.1622041888,-0.1214953549,0.1639052426,-0.1117893699
7.610000,0.1680503549,-0.1178680319,0.1679822742,-0.1140920990
7.620000,0.1737181586,-0.1141110640,0.1737295054,-0.1158635423
7.630000,0.1792020258,-0.1102280161,0.1801453505,-0.1125192869
7.640000,0.1844965807,-0.1062225932,0.1885554434,-0.1147101116
7.650000,0.1895966508,-0.1020986370,0.1906484849,-0.0899364800
7.660000,0.1944972718,-0.0978601219,0.2054272635,-0.0896855713
7.670000,0.1991936919,-0.0935111517,0.2026863291,-0.0907659439
7.680000,0.2036813758,-0.0890559557,0.2016376548,-0.0810342485
7.690000,0.2079560089,-0.0844988840,0.2073976892,-0.0817404823
7.700000,0.2120135005,-0.0798444043,0.2199621495,-0.0794678444
7.710000,0.2158499879,-0.0750970964,0.2123001025,-0.0571253036
7.720000,0.2194618390,-0.0702616488,0.2128625989,-0.0747747346
7.730000,0.2228456557,-0.0653428533,0.2224807479,-0.0610434925
7.740000,0.2259982761,-0.0603456005,0.2203035851,-0.0679165985
7.750000,0.2289167776,-0.0552748748,0.2339875421,-0.0618369538
7.760000,0.2315984786,-0.0501357493,0.2269783720,-0.0455308988
7.770000,0.2340409408,-0.0449333812,0.2341798671,-0.0485034081
7.780000,0.2362419710,-0.0396730056,0.2353543943,-0.0320582497
7.790000,0.2381996225,-0.0343599309,0.2282512065,-0.0337898847
7.800000,0.2399121963,-0.0289995329,0.2463369578,-0.0288710964
7.810000,0.2413782428,-0.0235972495,0.2424502155,-0.0264537972
7.820000,0.2425965621,-0.0181585747,0.2424025054,-0.0222875025
7.830000,0.2435662048,-0.0126890533,0.2469901578,-0.0049968891
7.840000,0.2442864727,-0.0071942748,0.2369249273,-0.0083581312
7.850000,0.2447569189,-0.0016798675,0.2462763052,0.0053742412
7.860000,0.2449773478,0.0038485074,0.2393847628,0.0004869860
7.870000,0.2449478149,0.0093851616,0.2379852254,0.0029740308
7.880000,0.2446686267,0.0149243859,0.2421542091,0.0081128149
7.890000,0.2441403397,0.0204604565,0.2428495989,0.0216710270
7.900000,0.2433637599,0.0259876406,0.2515864063,0.0219712719
7.910000,0.2423399416,0.0315002027,0.2444273417,0.0327869362
7.920000,0.2410701865,0.0369924110,0.2399506702,0.0496790475
7.930000,0.2395560420,0.0424585433,0.2401640244,0.0519855800
7.940000,0.2377992996,0.0478928929,0.2453488604,0.0485629596
7.950000,0.2358019932,0.0532897753,0.2346410995,0.0485112575
7.960000,0.2335663970,0.0586435335,0.2266808141,0.0566059449
7.970000,0.2310950232,0.0639485449,0.2307146679,0.0610618845
7.980000,0.2283906198,0.0691992266,0.2332931869,0.0712679259
7.990000,0.2254561676,0.0743900420,0.2345549552,0.0705395280
8.000000,0.2222948775,0.0795155061,0.2262697173,0.0784497028
8.010000,0.2189101873,0.0845701920,0.2165377743,0.0791993861
8.020000,0.2153057587,0.0895487362,0.2150605213,0.0896008177
8.030000,0.2114854734,0.0944458445,0.2042191089,0.0942814631
8.040000,0.2074534296,0.0992562978,0.2020862497,0.1015366036
8.050000,0.2032139382,0.1039749575,0.2069727922,0.1039144547
8.060000,0.1987715182,0.1085967711,0.1948653578,0.1014921523
8.070000,0.1941308927,0.1131167772,0.2022191960,0.1129454623
8.080000,0.1892969843,0.1175301115,0.1863522019,0.1147053694
8.090000,0.1842749101,0.1218320113,0.1814792478,0.1273916022
8.100000,0.1790699767,0.1260178208,0.1796009824,0.1297583365
8.110000,0.1736876753,0.1300829961,0.1748768124,0.1279895302
8.120000,0.1681336760,0.1340231098,0.1644274481,0.1428396616
8.130000,0.1624138219,0.1378338562,0.1554026050,0.1330763670
8.140000,0.1565341239,0.1415110552,0.1654165457,0.1496440485
8.150000,0.1505007540,0.1450506571,0.1516384349,0.1405368806
8.160000,0.1443200395,0.1484487467,0.1580846676,0.1443735027
8.170000,0.1379984562,0.1517015479,0.1412996279,0.1533042919
8.180000,0.1315426222,0.1548054271,0.1375893646,0.1525140853
8.190000,0.1249592905,0.1577568975,0.1208195510,0.1568250540
8.200000,0.1182553425,0.1605526223,0.1158558321,0.1674934242
8.210000,0.1114377805,0.1631894191,0.1112184963,0.1639836047
8.220000,0.1045137207,0.1656642625,0.1028574284,0.1595172726
8.230000,0.0974903851,0.1679742877,0.0958778814,0.1617467696
8.240000,0.0903750947,0.1701167936,0.0886765680,0.1651630163
8.250000,0.0831752609,0.1720892457,0.0822809857,0.1684768319
8.260000,0.0758983782,0.1738892789,0.0780882361,0.1748093234
8.270000,0.0685520157,0.1755147001,0.0633165746,0.1675570181
8.280000,0.0611438094,0.1769634907,0.0592668965,0.1747837878
8.290000,0.0536814535,0.1782338087,0.0579050150,0.1723643764
8.300000,0.0461726926,0.1793239910,0.0502059726,0.1895692757
8.310000,0.0386253126,0.1802325554,0.0345085338,0.1764449134
8.320000,0.0310471330,0.1809582024,0.0382214598,0.1772102272
8.330000,0.0234459980,0.1814998166,0.0295666574,0.1845218828
8.340000,0.0158297679,0.1818564683,0.0141591504,0.1786774697
8.350000,0.0082063108,0.1820274149,0.0129266249,0.1829697856
8.360000,0.0005834935,0.1820121017,-0.0049846055,0.1850979949
8.370000,-0.0070308262,0.1818101633,-0.0046924074,0.1797917073
8.380000,-0.0146288089,0.1814214239,-0.0220245139,0.1758958753
8.390000,-0.0222026416,0.1808458982,-0.0193899536,0.1848744020
8.400000,-0.0297445466,0.1800837917,-0.0320722588,0.1756985264
8.410000,-0.0372467893,0.1791355007,-0.0349685060,0.1827048267
8.420000,-0.0447016873,0.1780016130,-0.0417439490,0.1798729659
8.430000,-0.0521016181,0.1766829071,-0.0544226460,0.1714101515
8.440000,-0.0594390274,0.1751803522,-0.0644420512,0.1663540561
8.450000,-0.0667064374,0.1734951079,-0.0647956565,0.1714903399
8.460000,-0.0738964545,0.1716285231,-0.0803123323,0.1855953570
8.470000,-0.0810017773,0.1695821354,-0.0789053310,0.1632143096
8.480000,-0.0880152039,0.1673576703,-0.0895950167,0.1725979918
8.490000,-0.0949296399,0.1649570394,-0.0994517935,0.1597060008
8.500000,-0.1017381056,0.1623823394,-0.1072876769,0.1663263041
8.510000,-0.1084337431,0.1596358507,-0.1112403177,0.1386599772
8.520000,-0.1150098231,0.1567200349,-0.1123158429,0.1521191431
8.530000,-0.1214597525,0.1536375337,-0.1271379723,0.1506879742
8.540000,-0.1277770802,0.1503911661,-0.1260037031,0.1509929129
8.550000,-0.1339555038,0.1469839261,-0.1304935708,0.1432001082
8.560000,-0.1399888762,0.1434189808,-0.1450396433,0.1557222380
8.570000,-0.1458712111,0.1396996668,-0.1459027321,0.1353177040
8.580000,-0.1515966892,0.1358294879,-0.1568279370,0.1450391935
8.590000,-0.1571596633,0.1318121117,-0.1540612920,0.1319445282
8.600000,-0.1625546644,0.1276513664,-0.1601048420,0.1294286681
8.610000,-0.1677764061,0.1233512375,-0.1683356846,0.1194449754
8.620000,-0.1728197898,0.1189158637,-0.1701242780,0.1119217566
8.630000,-0.1776799096,0.1143495335,-0.1817462435,0.1145558930
8.640000,-0.1823520565,0.1096566811,-0.1732225486,0.1140344945
8.650000,-0.1868317223,0.1048418819,-0.1868436553,0.1041232883
8.660000,-0.1911146043,0.0999098484,-0.1835609011,0.0991637105
8.670000,-0.1951966087,0.0948654258,-0.1938698623,0.0946122576
8.680000,-0.1990738537,0.0897135870,-0.2056313205,0.0917807511
8.690000,-0.2027426735,0.0844594276,-0.1982133969,0.0865514224
8.700000,-0.2061996209,0.0791081612,-0.2128878061,0.0748089099
8.710000,-0.2094414701,0.0736651141,-0.2167199455,0.0683335815
8.720000,-0.2124652196,0.0681357202,-0.2121461577,0.0580256223
8.730000,-0.2152680943,0.0625255147,-0.2136849927,0.0648961503
8.740000,-0.2178475478,0.0568401296,-0.2150970405,0.0604576544
8.750000,-0.2202012642,0.0510852869,-0.2148655185,0.0521641286
8.760000,-0.2223271598,0.0452667936,-0.2230603223,0.0340093461
8.770000,-0.2242233846,0.0393905351,-0.2241241150,0.0357449648
8.780000,-0.2258883238,0.0334624693,-0.2296007803,0.0322353157
8.790000,-0.2273205986,0.0274886204,-0.2223349261,0.0170655407
8.800000,-0.2285190667,0.0214750726,-0.2162525267,0.0302997736
8.810000,-0.2294828238,0.0154279635,-0.2296496388,0.0198750394
8.820000,-0.2302112033,0.0093534781,-0.2283632675,0.0139879034
8.830000,-0.2307037767,0.0032578416,-0.2394941766,0.0041186453
8.840000,-0.2309603538,-0.0028526866,-0.2293492349,-0.0031346270
8.850000,-0.2309809821,-0.0089718200,-0.2349323205,-0.0105752707
8.860000,-0.2307659468,-0.0150932515,-0.2265166697,-0.0078547170
8.870000,-0.2303157701,-0.0212106601,-0.2312412591,-0.0167194361
8.880000,-0.2296312103,-0.0273177179,-0.2205200732,-0.0336441166
8.890000,-0.2287132605,-0.0334080965,-0.2250602550,-0.0364461558
8.900000,-0.2275631482,-0.0394754742,-0.2316127589,-0.0378267715
8.910000,-0.2261823330,-0.0455135426,-0.2273319471,-0.0406533363
8.920000,-0.2245725056,-0.0515160133,-0.2272299746,-0.0551221221
8.930000,-0.2227355859,-0.0574766248,-0.2152453892,-0.0649627636
8.940000,-0.2206737205,-0.0633891490,-0.2173519622,-0.0636527372
8.950000,-0.2183892812,-0.0692473983,-0.2183166130,-0.0594807758
8.960000,-0.2158848623,-0.0750452316,-0.2207860707,-0.0769374192
8.970000,-0.2131632776,-0.0807765617,-0.2100228088,-0.0844017288
8.980000,-0.2102275583,-0.0864353610,-0.2139809642,-0.0848687725
8.990000,-0.2070809494,-0.0920156684,-0.2082624152,-0.0999248514
9.000000,-0.2037269070,-0.0975115956,-0.2018326129,-0.0978345366
9.010000,-0.2001690944,-0.1029173334,-0.2040042029,-0.1054757723
9.020000,-0.1964113786,-0.1082271575,-0.1928088265,-0.1034646981
9.030000,-0.1924578268,-0.1134354353,-0.1906392654,-0.1091960266
9.040000,-0.1883127022,-0.1185366311,-0.1880831375,-0.1166136562
9.050000,-0.1839804594,-0.1235253125,-0.1851473411,-0.1272501584
9.060000,-0.1794657408,-0.1283961558,-0.1863720641,-0.1319550339
9.070000,-0.1747733712,-0.1331439517,-0.1749907623,-0.1282367982
9.080000,-0.1699083535,-0.1377636109,-0.1777450458,-0.1430986989
9.090000,-0.1648758631,-0.1422501692,-0.1644847966,-0.1430454369
9.100000,-0.1596812436,-0.1465987927,-0.1544528703,-0.1512725051
9.110000,-0.1543300006,-0.1508047833,-0.1574744780,-0.1552332820
9.120000,-0.1488277965,-0.1548635828,-0.1496676188,-0.1602071031
9.130000,-0.1431804445,-0.1587707783,-0.1477052751,-0.1586950873
9.140000,-0.1373939031,-0.1625221066,-0.1326407551,-0.1595639046
9.150000,-0.1314742693,-0.1661134584,-0.1291659484,-0.1644571299
9.160000,-0.1254277730,-0.1695408828,-0.1156246327,-0.1731969530
9.170000,-0.1192607700,-0.1728005916,-0.1191138204,-0.1724456852
9.180000,-0.1129797358,-0.1758889625,-0.1123675803,-0.1797934459
9.190000,-0.1065912584,-0.1788025437,-0.1036287672,-0.1805748669
9.200000,-0.1001020316,-0.1815380569,-0.1089345434,-0.1798583771
9.210000,-0.0935188480,-0.1840924011,-0.0982477367,-0.1880265950
9.220000,-0.0868485919,-0.1864626555,-0.0978072094,-0.1882921757
9.230000,-0.0800982314,-0.1886460831,-0.0858967414,-0.1839117886
9.240000,-0.0732748118,-0.1906401329,-0.0825745094,-0.1915581362
9.250000,-0.0663854472,-0.1924424433,-0.0623429897,-0.1885728643
9.260000,-0.0594373137,-0.1940508439,-0.0622856381,-0.1972691125
9.270000,-0.0524376410,-0.1954633589,-0.0457107925,-0.2003145907
9.280000,-0.0453937050,-0.1966782082,-0.0407262758,-0.2004445427
9.290000,-0.0383128199,-0.1976938101,-0.0337870711,-0.1987088794
9.300000,-0.0312023300,-0.1985087830,-0.0357879699,-0.1913127568
9.310000,-0.0240696021,-0.1991219468,-0.0228671204,-0.2059971221
9.320000,-0.0169220173,-0.1995323247,-0.0219489755,-0.2088253364
9.330000,-0.0097669633,-0.1997391443,-0.0109507245,-0.1999141467
9.340000,-0.0026118257,-0.1997418386,0.0029727437,-0.2063892295
9.350000,0.0045360189,-0.1995400473,0.0080301883,-0.1941069223
9.360000,0.0116692121,-0.1991336171,0.0157562668,-0.1949080850
9.370000,0.0187804207,-0.1985226026,0.0206817670,-0.1987848148
9.380000,0.0258623451,-0.1977072664,0.0232280008,-0.1995818812
9.390000,0.0329077270,-0.1966880792,0.0258254597,-0.1958525974
9.400000,0.0399093571,-0.1954657203,0.0412879096,-0.2073535661
9.410000,0.0468600832,-0.1940410767,0.0479674360,-0.1936585317
9.420000,0.0537528173,-0.1924152434,0.0465729501,-0.2003758911
9.430000,0.0605805435,-0.1905895221,0.0613462161,-0.2027368314
9.440000,0.0673363253,-0.1885654209,0.0660048510,-0.1903196141
9.450000,0.0740133127,-0.1863446533,0.0759773341,-0.1801684199
9.460000,0.0806047499,-0.1839291366,0.0871925201,-0.1876454907
9.470000,0.0871039817,-0.1813209912,0.0896267337,-0.1788371120
9.480000,0.0935044608,-0.1785225384,0.0959957296,-0.1729267735
9.490000,0.0997997544,-0.1755362988,0.0993331097,-0.1759637452
9.500000,0.1059835507,-0.1723649905,0.1012033557,-0.1720042205
9.510000,0.1120496654,-0.1690115269,0.1068828781,-0.1612584645
9.520000,0.1179920478,-0.1654790139,0.1166666482,-0.1582974716
9.530000,0.1238047869,-0.1617707480,0.1276745302,-0.1678996877
9.540000,0.1294821175,-0.1578902129,0.1244126516,-0.1507925871
9.550000,0.1350184251,-0.1538410766,0.1346992403,-0.1546547254
9.560000,0.1404082522,-0.1496271887,0.1439391443,-0.1483510404
9.570000,0.1456463031,-0.1452525764,0.1448717027,-0.1553017271
9.580000,0.1507274490,-0.1407214411,0.1567691001,-0.1373819526
9.590000,0.1556467328,-0.1360381547,0.1590823871,-0.1345645821
9.600000,0.1603993737,-0.1312072554,0.1652453775,-0.1277377075
9.610000,0.1649807717,-0.1262334435,0.1649281709,-0.1261609193
9.620000,0.1693865119,-0.1211215773,0.1699605944,-0.1238443284
9.630000,0.1736123680,-0.1158766681,0.1767048654,-0.1162745007
9.640000,0.1776543065,-0.1105038756,0.1714493127,-0.1115515290
9.650000,0.1815084902,-0.1050085029,0.1883558368,-0.1127901669
9.660000,0.1851712811,-0.0993959913,0.1893114190,-0.0988775976
9.670000,0.1886392442,-0.0936719150,0.1800517723,-0.0896168927
9.680000,0.1919091495,-0.0878419755,0.1950720275,-0.0868776983
9.690000,0.1949779754,-0.0819119958,0.2014859232,-0.0870164652
9.700000,0.1978429108,-0.0758879149,0.1928931646,-0.0758190735
9.710000,0.2005013572,-0.0697757815,0.2006404413,-0.0620073278
9.720000,0.2029509313,-0.0635817479,0.2053929278,-0.0604830770
9.730000,0.2051894660,-0.0573120635,0.2029604729,-0.0566244055
9.740000,0.2072150125,-0.0509730687,0.2044854101,-0.0564330045
9.750000,0.2090258417,-0.0445711880,0.2109399851,-0.0437660800
9.760000,0.2106204452,-0.0381129235,0.2178554976,-0.0294492230
9.770000,0.2119975361,-0.0316048479,0.2162536459,-0.0252107075
9.780000,0.2131560502,-0.0250535978,0.2210877270,-0.0237646321
9.790000,0.2140951462,-0.0184658663,0.2126781784,-0.0154693988
9.800000,0.2148142063,-0.0118483962,0.2100662200,-0.0090864814
9.810000,0.2153128361,-0.0052079730,0.2183034739,-0.0027432451
9.820000,0.2155908649,0.0014485829,0.2086421056,0.0053689420
9.830000,0.2156483450,0.0081144232,0.2122190235,0.0125849885
9.840000,0.2154855518,0.0147826789,0.2159108793,0.0115831430
9.850000,0.2151029827,0.0214464680,0.2168774218,0.0253633109
9.860000,0.2145013566,0.0280989027,0.2087947243,0.0278947141
9.870000,0.2136816128,0.0347330969,0.2085751601,0.0258577903
9.880000,0.2126449096,0.0413421735,0.2104967307,0.0401271203
9.890000,0.2113926232,0.0479192722,0.2132810713,0.0510812210
9.900000,0.2099263459,0.0544575564,0.2116788989,0.0571500598
9.910000,0.2082478844,0.0609502207,0.2013109324,0.0519497616
9.920000,0.2063592577,0.0673904986,0.2114395092,0.0660416599
9.930000,0.2042626952,0.0737716693,0.2081115158,0.0792662720
9.940000,0.2019606341,0.0800870652,0.1935708798,0.0752297495
9.950000,0.1994557168,0.0863300789,0.2124117411,0.0874119192
9.960000,0.1967507887,0.0924941705,0.1944088398,0.0917164037
9.970000,0.1938488945,0.0985728742,0.1983398988,0.0893328981
9.980000,0.1907532756,0.1045598055,0.1874046405,0.1099222272
9.990000,0.1874673666,0.1104486681,0.1875660192,0.1052695882
10.000000,0.1839947920,0.1162332601,0.1865725915,0.1156765479
10.010000,0.1803393624,0.1219074808,0.1827546696,0.1156795184
10.020000,0.1765050705,0.1274653374,0.1811048608,0.1316845536
10.030000,0.1724960872,0.1329009508,0.1724283571,0.1315155546
10.040000,0.1683167577,0.1382085621,0.1718092696,0.1326746768
10.050000,0.1639715962,0.1433825385,0.1683085933,0.1490438137
10.060000,0.1594652824,0.1484173789,0.1613745477,0.1533078404
10.070000,0.1548026558,0.1533077202,0.1580879044,0.1451225157
10.080000,0.1499887114,0.1580483422,0.1548923175,0.1468843547
10.090000,0.1450285942,0.1626341733,0.1402880679,0.1666753815
10.100000,0.1399275941,0.1670602955,0.1384838191,0.1761647784
10.110000,0.1346911403,0.1713219499,0.1378081275,0.1672472122
10.120000,0.1293247959,0.1754145409,0.1285109825,0.1697076997
10.130000,0.1238342518,0.1793336413,0.1171494588,0.1878675300
10.140000,0.1182253212,0.1830749967,0.1159084931,0.1777269112
10.150000,0.1125039332,0.1866345296,0.1123364638,0.1909938192
10.160000,0.1066761266,0.1900083440,0.1088673143,0.1827012611
10.170000,0.1007480439,0.1931927290,0.0951190988,0.2012891004
10.180000,0.0947259242,0.1961841624,0.0980988600,0.1902562199
10.190000,0.0886160971,0.1989793148,0.0913821515,0.1938491790
10.200000,0.0824249760,0.2015750524,0.0854905966,0.2027213654
10.210000,0.0761590508,0.2039684406,0.0782889367,0.2012756443
10.220000,0.0698248815,0.2061567470,0.0769697327,0.2085522895
10.230000,0.0634290908,0.2081374438,0.0573039679,0.2053255143
10.240000,0.0569783574,0.2099082109,0.0521333341,0.2082797519
10.250000,0.0504794085,0.2114669381,0.0495129208,0.2143861922
10.260000,0.0439390124,0.2128117273,0.0374921147,0.2116376754
10.270000,0.0373639720,0.2139408949,0.0359748701,0.2070800662
10.280000,0.0307611164,0.2148529732,0.0402149198,0.2046916413
10.290000,0.0241372946,0.2155467122,0.0301748845,0.2114956635
10.300000,0.0174993672,0.2160210814,0.0083456177,0.2119771188
10.310000,0.0108541997,0.2162752706,0.0148731553,0.2177203550
10.320000,0.0042086546,0.2163086914,0.0054298788,0.2253266413
10.330000,-0.0024304156,0.2161209779,-0.0061884028,0.2153097952
10.340000,-0.0090561761,0.2157119874,-0.0092939803,0.2181353996
10.350000,-0.0156618168,0.2150818010,-0.0114368666,0.2148183846
10.360000,-0.0222405601,0.2142307239,-0.0258483981,0.2112021786
10.370000,-0.0287856675,0.2131592854,-0.0259746628,0.2060482647
10.380000,-0.0352904473,0.2118682391,-0.0333926965,0.2144303720
10.390000,-0.0417482614,0.2103585621,-0.0515250803,0.2114336750
10.400000,-0.0481525328,0.2086314552,-0.0549225730,0.2132413981
10.410000,-0.0544967517,0.2066883417,-0.0617555547,0.2071060630
10.420000,-0.0607744834,0.2045308666,-0.0578655151,0.1935757975
10.430000,-0.0669793740,0.2021608957,-0.0645107201,0.2128950372
10.440000,-0.0731051578,0.1995805143,-0.0704669304,0.1985099373
10.450000,-0.0791456634,0.1967920253,-0.0790381229,0.1973770289
10.460000,-0.0850948202,0.1937979479,-0.0878577684,0.1989420801
10.470000,-0.0909466645,0.1906010156,-0.0911233111,0.1936238102
10.480000,-0.0966953455,0.1872041739,-0.1024184245,0.1932651590
10.490000,-0.1023351316,0.1836105780,-0.1071304169,0.1805791054
10.500000,-0.1078604157,0.1798235902,-0.1072272184,0.1738161586
10.510000,-0.1132657208,0.1758467772,-0.1137759918,0.1772515728
10.520000,-0.1185457058,0.1716839071,-0.1210853702,0.1661464630
10.530000,-0.1236951703,0.1673389460,-0.1169326632,0.1657919753
10.540000,-0.1287090599,0.1628160546,-0.1261771851,0.1645702956
10.550000,-0.1335824710,0.1581195848,-0.1319162039,0.1647148281
10.560000,-0.1383106552,0.1532540754,-0.1362527459,0.1516474107
10.570000,-0.1428890243,0.1482242482,-0.1390429554,0.1518458184
10.580000,-0.1473131542,0.1430350037,-0.1528010645,0.1442645484
10.590000,-0.1515787890,0.1376914166,-0.1492070019,0.1367856067
10.600000,-0.1556818448,0.1321987308,-0.1566042709,0.1287950422
10.610000,-0.1596184139,0.1265623547,-0.1572552283,0.1282505921
10.620000,-0.1633847675,0.1207878559,-0.1539036138,0.1256852781
10.630000,-0.1669773597,0.1148809559,-0.1693115848,0.1124230007
10.640000,-0.1703928300,0.1088475243,-0.1611315855,0.1071455142
10.650000,-0.1736280066,0.1026935734,-0.1730239202,0.0979240835
10.660000,-0.1766799086,0.0964252518,-0.1782894630,0.1012343661
10.670000,-0.1795457490,0.0900488387,-0.1854623245,0.0916300983
10.680000,-0.1822229367,0.0835707371,-0.1886543126,0.0812203289
10.690000,-0.1847090783,0.0769974675,-0.1863650899,0.0778214860
10.700000,-0.1870019803,0.0703356614,-0.1855094642,0.0714664676
10.710000,-0.1890996507,0.0635920541,-0.1918349653,0.0692369570
10.720000,-0.1910003004,0.0567734779,-0.1975132447,0.0673678611
10.730000,-0.1927023444,0.0498868550,-0.1878015491,0.0542378539
10.740000,-0.1942044029,0.0429391902,-0.1891670704,0.0531967515
10.750000,-0.1955053023,0.0359375635,-0.1907620539,0.0451211355
10.760000,-0.1966040755,0.0288891225,-0.1940316112,0.0271511085
10.770000,-0.1974999629,0.0218010749,-0.2008071258,0.0250990212
10.780000,-0.1981924121,0.0146806808,-0.1956884951,-0.0004347798
10.790000,-0.1986810786,0.0075352449,-0.2016879996,0.0104214935
10.800000,-0.1989658252,0.0003721086,-0.1981303591,-0.0104110091
10.810000,-0.1990467219,-0.0068013579,-0.1992374146,-0.0070905711
10.820000,-0.1989240455,-0.0139777636,-0.2025345538,-0.0112886141
10.830000,-0.1985982789,-0.0211497044,-0.2020865998,-0.0231707694
10.840000,-0.1980701101,-0.0283097716,-0.1947930486,-0.0258658025
10.850000,-0.1973404314,-0.0354505596,-0.2073255589,-0.0345632421
10.860000,-0.1964103381,-0.0425646739,-0.1896975311,-0.0441029784
10.870000,-0.1952811272,-0.0496447395,-0.1910934075,-0.0496019729
10.880000,-0.1939542954,-0.0566834083,-0.1919215170,-0.0685726235
10.890000,-0.1924315380,-0.0636733676,-0.1967127015,-0.0531095040
10.900000,-0.1907147464,-0.0706073477,-0.1966837240,-0.0768145364
10.910000,-0.1888060063,-0.0774781298,-0.2012351164,-0.0779524718
10.920000,-0.1867075955,-0.0842785538,-0.1858600615,-0.0752063521
10.930000,-0.1844219809,-0.0910015260,-0.1909086491,-0.0882960638
10.940000,-0.1819518164,-0.0976400266,-0.1711355744,-0.0974702042
10.950000,-0.1792999400,-0.1041871175,-0.1710012364,-0.1052306676
10.960000,-0.1764693704,-0.1106359493,-0.1689498706,-0.1172908850
10.970000,-0.1734633044,-0.1169797689,-0.1757486413,-0.1119595895
10.980000,-0.1702851131,-0.1232119261,-0.1789233704,-0.1243231739
10.990000,-0.1669383385,-0.1293258815,-0.1635421924,-0.1236429286
11.000000,-0.1634266899,-0.1353152125,-0.1644601655,-0.1364498596
11.010000,-0.1597540402,-0.1411736205,-0.1630517900,-0.1421658290
11.020000,-0.1559244215,-0.1468949371,-0.1594595977,-0.1483299732
11.030000,-0.1519420210,-0.1524731309,-0.1534021449,-0.1503824282
11.040000,-0.1478111771,-0.1579023132,-0.1491053985,-0.1527451200
11.050000,-0.1435363742,-0.1631767447,-0.1446205111,-0.1596981457
11.060000,-0.1391222385,-0.1682908405,-0.1386230197,-0.1564692761
11.070000,-0.1345735331,-0.1732391766,-0.1313423116,-0.1722502362
11.080000,-0.1298951532,-0.1780164949,-0.1303293940,-0.1775268108
11.090000,-0.1250921202,-0.1826177086,-0.1280340439,-0.1852890994
11.100000,-0.1201695777,-0.1870379072,-0.1184322617,-0.1781220809
11.110000,-0.1151327850,-0.1912723616,-0.1150873182,-0.1825299133
11.120000,-0.1099871121,-0.1953165288,-0.1057160766,-0.1846686407
11.130000,-0.1047380339,-0.1991660561,-0.1026239232,-0.1975306521
11.140000,-0.0993911247,-0.2028167859,-0.0964504963,-0.2000658260
11.150000,-0.0939520518,-0.2062647593,-0.0934398818,-0.2019765157
11.160000,-0.0884265699,-0.2095062202,-0.0881579820,-0.2122287004
11.170000,-0.0828205148,-0.2125376194,-0.0846629512,-0.2146076000
11.180000,-0.0771397971,-0.2153556172,-0.0713032577,-0.2076445744
11.190000,-0.0713903963,-0.2179570876,-0.0742522479,-0.2214075960
11.200000,-0.0655783540,-0.2203391210,-0.0626066809,-0.2218915341
11.210000,-0.0597097676,-0.2224990269,-0.0700705695,-0.2320796033
11.220000,-0.0537907837,-0.2244343370,-0.0576060914,-0.2326205106
11.230000,-0.0478275917,-0.2261428075,-0.0418490311,-0.2216067903
11.240000,-0.0418264169,-0.2276224212,-0.0478826128,-0.2259269784
11.250000,-0.0357935140,-0.2288713901,-0.0341360671,-0.2319657617
11.260000,-0.0297351604,-0.2298881566,-0.0423455857,-0.2328489177
11.270000,-0.0236576494,-0.2306713958,-0.0204427038,-0.2326424338
11.280000,-0.0175672832,-0.2312200168,-0.0132365997,-0.2268256756
11.290000,-0.0114703667,-0.2315331637,-0.0202081322,-0.2299718259
11.300000,-0.0053732002,-0.2316102172,-0.0045369907,-0.2312674512
11.310000,0.0007179270,-0.2314507949,0.0001653357,-0.2296189698
11.320000,0.0067967436,-0.2310547526,0.0132537714,-0.2358723996
11.330000,0.0128570026,-0.2304221844,0.0081378380,-0.2259974910
11.340000,0.0188924884,-0.2295534228,0.0154705806,-0.2321588728
11.350000,0.0248970232,-0.2284490395,0.0197854000,-0.2302660622
11.360000,0.0308644734,-0.2271098445,0.0411903848,-0.2249085663
11.370000,0.0367887565,-0.2255368861,0.0335122898,-0.2170412106
11.380000,0.0426638470,-0.2237314506,0.0433270651,-0.2303364385
11.390000,0.0484837830,-0.2216950608,0.0468884599,-0.2271993557
11.400000,0.0542426724,-0.2194294759,0.0540769643,-0.2276543426
11.410000,0.0599346991,-0.2169366899,0.0608297193,-0.2143507736
11.420000,0.0655541287,-0.2142189300,0.0616892559,-0.2127399779
11.430000,0.0710953150,-0.2112786554,0.0669717807,-0.2128870618
11.440000,0.0765527051,-0.2081185554,0.0751900946,-0.2006198877
11.450000,0.0819208455,-0.2047415469,0.0889789731,-0.2072447908
11.460000,0.0871943874,-0.2011507728,0.0917601926,-0.2071839140
11.470000,0.0923680924,-0.1973495988,0.0860441814,-0.2051955660
11.480000,0.0974368372,-0.1933416115,0.0946221644,-0.1923263163
11.490000,0.1023956192,-0.1891306144,0.1098874946,-0.1878811417
11.500000,0.1072395610,-0.1847206255,0.1191878259,-0.1912101567
11.510000,0.1119639156,-0.1801158738,0.1087500142,-0.1859183078
11.520000,0.1165640706,-0.1753207952,0.1108441457,-0.1838156882
11.530000,0.1210355526,-0.1703400290,0.1218169841,-0.1755460356
11.540000,0.1253740321,-0.1651784136,0.1255801673,-0.1613816948
11.550000,0.1295753265,-0.1598409822,0.1321061162,-0.1637341404
11.560000,0.1336354050,-0.1543329583,0.1345005692,-0.1529571536
11.570000,0.1375503919,-0.1486597506,0.1411810962,-0.1516687065
11.580000,0.1413165699,-0.1428269485,0.1432782164,-0.1377832940
11.590000,0.1449303839,-0.1368403160,0.1447170466,-0.1307194560
11.600000,0.1483884439,-0.1307057867,0.1490176346,-0.1320920009
11.610000,0.1516875281,-0.1244294583,0.1529284914,-0.1291668672
11.620000,0.1548245853,-0.1180175862,0.1570202195,-0.1069831186
11.630000,0.1577967383,-0.1114765774,0.1590233294,-0.1074577323
11.640000,0.1606012854,-0.1048129843,0.1596608075,-0.1008653987
11.650000,0.1632357034,-0.0980334981,0.1696080813,-0.0903725116
11.660000,0.1656976490,-0.0911449419,0.1620540935,-0.1006854500
11.670000,0.1679849613,-0.0841542641,0.1703422411,-0.0837218621
11.680000,0.1700956627,-0.0770685305,0.1683144225,-0.0674237219
11.690000,0.1720279611,-0.0698949180,0.1756259424,-0.0675994022
11.700000,0.1737802507,-0.0626407062,0.1744539788,-0.0638519259
11.710000,0.1753511133,-0.0553132702,0.1719433862,-0.0509865765
11.720000,0.1767393192,-0.0479200731,0.1730515081,-0.0567410617
11.730000,0.1779438279,-0.0404686573,0.1801860307,-0.0380760131
11.740000,0.1789637887,-0.0329666373,0.1799236474,-0.0292512754
11.750000,0.1797985411,-0.0254216910,0.1775294709,-0.0199922877
11.760000,0.1804476146,-0.0178415516,0.1756113581,-0.0193597369
11.770000,0.1809107296,-0.0102339993,0.1722647793,-0.0146214303
11.780000,0.1811877963,-0.0026068529,0.1807198317,-0.0050024336
11.790000,0.1812789147,0.0050320388,0.1834853990,0.0062715815
11.800000,0.1811843743,0.0126748053,0.1776375976,0.0136247652
11.810000,0.1809046530,0.0203135633,0.1801206312,0.0268874755
11.820000,0.1804404167,0.0279404249,0.1833279415,0.0223073086
11.830000,0.1797925178,0.0355475066,0.1786230518,0.0354683826
11.840000,0.1789619942,0.0431269376,0.1903828192,0.0381879637
11.850000,0.1779500680,0.0506708684,0.1710468265,0.0544226156
11.860000,0.1767581437,0.0581714795,0.1789815229,0.0630453070
11.870000,0.1753878068,0.0656209898,0.1838067975,0.0701827560
11.880000,0.1738408216,0.0730116651,0.1724595433,0.0673212931
11.890000,0.1721191294,0.0803358263,0.1743024842,0.0851226291
11.900000,0.1702248459,0.0875858579,0.1685253589,0.0920527042
11.910000,0.1681602593,0.0947542163,0.1761170527,0.0876230274
11.920000,0.1659278276,0.1018334373,0.1661210967,0.0994171581
11.930000,0.1635301755,0.1088161451,0.1767200509,0.1105450588
11.940000,0.1609700920,0.1156950591,0.1623156144,0.1218899249
11.950000,0.1582505274,0.1224630022,0.1550374189,0.1222171332
11.960000,0.1553745896,0.1291129085,0.1525476357,0.1407048102
11.970000,0.1523455415,0.1356378301,0.1517825930,0.1360954208
11.980000,0.1491667967,0.1420309451,0.1404628566,0.1398666635
11.990000,0.1458419166,0.1482855642,0.1427715437,0.1454016520
12.000000,0.1423746060,0.1543951377,0.1443801413,0.1554214930
12.010000,0.1387687096,0.1603532623,0.1372112872,0.1603320744
12.020000,0.1350282078,0.1661536877,0.1291216343,0.1681739789
12.030000,0.1311572123,0.1717903228,0.1300587694,0.1719634302
12.040000,0.1271599621,0.1772572418,0.1289059918,0.1711176631
12.050000,0.1230408185,0.1825486906,0.1233415476,0.1909059775
12.060000,0.1188042610,0.1876590919,0.1126832236,0.1788272177
12.070000,0.1144548823,0.1925830512,0.1163392645,0.2000913051
12.080000,0.1099973834,0.1973153618,0.1011280849,0.1941720118
12.090000,0.1054365686,0.2018510103,0.1151711831,0.2004399645
12.100000,0.1007773406,0.2061851810,0.0949690111,0.2047864831
12.110000,0.0960246949,0.2103132610,0.0971557809,0.2027046303
12.120000,0.0911837150,0.2142308445,0.0846985487,0.2133868601
12.130000,0.0862595665,0.2179337370,0.0866194120,0.2179385926
12.140000,0.0812574920,0.2214179594,0.0860023846,0.2182673083
12.150000,0.0761828050,0.2246797518,0.0788074437,0.2171223038
12.160000,0.0710408848,0.2277155771,0.0764619536,0.2311382337
12.170000,0.0658371703,0.2305221244,0.0678676404,0.2308490074
12.180000,0.0605771544,0.2330963122,0.0595328561,0.2389724261
12.190000,0.0552663782,0.2354352913,0.0567206644,0.2324562333
12.200000,0.0499104247,0.2375364475,0.0499071616,0.2395563517
12.210000,0.0445149132,0.2393974043,0.0587390796,0.2444418706
12.220000,0.0390854932,0.2410160251,0.0405164733,0.2496902330
12.230000,0.0336278380,0.2423904154,0.0399091129,0.2429277611
12.240000,0.0281476393,0.2435189247,0.0230455852,0.2398863612
12.250000,0.0226506005,0.2444001481,0.0236118115,0.2496518328
12.260000,0.0171424308,0.2450329278,0.0207557230,0.2450309339
12.270000,0.0116288391,0.2454163547,0.0134974907,0.2542726093
12.280000,0.0061155282,0.2455497692,-0.0031991618,0.2449940185
12.290000,0.0006081881,0.2454327620,0.0004782264,0.2458743268
12.300000,-0.0048875094,0.2450651748,-0.0030131521,0.2530734568
12.310000,-0.0103659172,0.2444471013,-0.0044978574,0.2387879130
12.320000,-0.0158214185,0.2435788866,-0.0099279833,0.2463002945
12.330000,-0.0212484333,0.2424611278,-0.0237916639,0.2337125645
12.340000,-0.0266414234,0.2410946737,-0.0308644702,0.2429680177
12.350000,-0.0319948991,0.2394806245,-0.0266434515,0.2469854793
12.360000,-0.0373034242,0.2376203310,-0.0475387809,0.2432102681
12.370000,-0.0425616225,0.2355153940,-0.0388680298,0.2329433171
12.380000,-0.0477641825,0.2331676631,-0.0556734631,0.2350708710
12.390000,-0.0529058633,0.2305792357,-0.0553812438,0.2298778322
12.400000,-0.0579815002,0.2277524552,-0.0596830505,0.2284199041
12.410000,-0.0629860097,0.2246899097,-0.0588302197,0.2235636471
12.420000,-0.0679143945,0.2213944295,-0.0701787672,0.2202512513
12.430000,-0.0727617491,0.2178690858,-0.0700434864,0.2135377777
12.440000,-0.0775232643,0.2141171874,-0.0759627877,0.2122117866
12.450000,-0.0821942322,0.2101422787,-0.0806406812,0.2026492047
12.460000,-0.0867700506,0.2059481367,-0.0805840101,0.2053091124
12.470000,-0.0912462281,0.2015387676,-0.0886705275,0.1943188158
12.480000,-0.0956183878,0.1969184040,-0.0989733969,0.1863649482
12.490000,-0.0998822722,0.1920915009,-0.1011343991,0.1893426422
12.500000,-0.1040337469,0.1870627320,-0.1078368007,0.1865669577
12.510000,-0.1080688045,0.1818369856,-0.1137201021,0.1804205892
12.520000,-0.1119835688,0.1764193604,-0.1088199480,0.1645492507
12.530000,-0.1157742980,0.1708151608,-0.1138329709,0.1791206837
12.540000,-0.1194373886,0.1650298920,-0.1138200555,0.1590994570
12.550000,-0.1229693780,0.1590692553,-0.1118895075,0.1598395390
12.560000,-0.1263669487,0.1529391424,-0.1305367447,0.1588256728
12.570000,-0.1296269303,0.1466456300,-0.1255652695,0.1510884612
12.580000,-0.1327463028,0.1401949741,-0.1376641553,0.1395437442
12.590000,-0.1357221992,0.1335936039,-0.1325264678,0.1462362002
12.600000,-0.1385519079,0.1268481155,-0.1326202165,0.1223284260
12.610000,-0.1412328749,0.1199652652,-0.1454910473,0.1167208273
12.620000,-0.1437627062,0.1129519635,-0.1368068889,0.1095429498
12.630000,-0.1461391695,0.1058152673,-0.1481473359,0.1168638186
12.640000,-0.1483601960,0.0985623732,-0.1454813214,0.0937064978
12.650000,-0.1504238823,0.0912006101,-0.1438943842,0.0966648334
12.660000,-0.1523284913,0.0837374317,-0.1572761435,0.0814681583
12.670000,-0.1540724542,0.0761804087,-0.1565092926,0.0600033597
12.680000,-0.1556543708,0.0685372207,-0.1520741201,0.0677241563
12.690000,-0.1570730109,0.0608156485,-0.1662131826,0.0610960847
12.700000,-0.1583273151,0.0530235655,-0.1663137915,0.0574734997
12.710000,-0.1594163950,0.0451689296,-0.1607982769,0.0465178562
12.720000,-0.1603395341,0.0372597743,-0.1590552609,0.0396573476
12.730000,-0.1610961876,0.0293042006,-0.1586012360,0.0295079597
12.740000,-0.1616859826,0.0213103676,-0.1602688570,0.0115847085
12.750000,-0.1621087184,0.0132864844,-0.1600417620,0.0136289432
12.760000,-0.1623643657,0.0052408003,-0.1631251196,-0.0069816509
12.770000,-0.1624530664,-0.0028184033,-0.1612850274,-0.0030169808
12.780000,-0.1623751331,-0.0108828226,-0.1671422517,-0.0165255023
12.790000,-0.1621310483,-0.0189441404,-0.1631914605,-0.0144694907
12.800000,-0.1617214635,-0.0269940348,-0.1569280771,-0.0225788769
12.810000,-0.1611471981,-0.0350241888,-0.1618962027,-0.0311443715
12.820000,-0.1604092383,-0.0430262992,-0.1616630911,-0.0418423840
12.830000,-0.1595087354,-0.0509920856,-0.1554202913,-0.0516592478
12.840000,-0.1584470049,-0.0589132997,-0.1595279347,-0.0563598625
12.850000,-0.1572255242,-0.0667817341,-0.1608392548,-0.0615902305
12.860000,-0.1558459308,-0.0745892314,-0.1592768796,-0.0841532590
12.870000,-0.1543100209,-0.0823276930,-0.1495041249,-0.0807378100
12.880000,-0.1526197467,-0.0899890878,-0.1557073598,-0.0917302590
12.890000,-0.1507772141,-0.0975654610,-0.1524406778,-0.0970264929
12.900000,-0.1487846806,-0.1050489426,-0.1395875174,-0.1096655509
12.910000,-0.1466445528,-0.1124317559,-0.1517615662,-0.1054403951
12.920000,-0.1443593829,-0.1197062256,-0.1504489937,-0.1194374937
12.930000,-0.1419318669,-0.1268647863,-0.1411126924,-0.1215214058
12.940000,-0.1393648408,-0.1338999899,-0.1341570609,-0.1426667184
12.950000,-0.1366612779,-0.1408045142,-0.1383964769,-0.1462650645
12.960000,-0.1338242852,-0.1475711698,-0.1352534788,-0.1493621773
12.970000,-0.1308571002,-0.1541929079,-0.1329385695,-0.1562010519
12.980000,-0.1277630876,-0.1606628275,-0.1212061546,-0.1570743164
12.990000,-0.1245457351,-0.1669741826,-0.1230819109,-0.1664726820
13.000000,-0.1212086499,-0.1731203888,-0.1272623111,-0.1745865841
13.010000,-0.1177555548,-0.1790950298,-0.1204500141,-0.1798111339
13.020000,-0.1141902842,-0.1848918644,-0.1187425314,-0.1918564856
13.030000,-0.1105167799,-0.1905048323,-0.1138540510,-0.1896983671
13.040000,-0.1067390868,-0.1959280600,-0.1060917510,-0.2044658826
13.050000,-0.1028613488,-0.2011558666,-0.1090175370,-0.2009100429
13.060000,-0.0988878038,-0.2061827697,-0.0956653741,-0.2063573926
13.070000,-0.0948227797,-0.2110034902,-0.0960761691,-0.2120538266
13.080000,-0.0906706896,-0.2156129576,-0.0895941679,-0.2192584950
13.090000,-0.0864360267,-0.2200063148,-0.0952399387,-0.2227342624
13.100000,-0.0821233601,-0.2241789227,-0.0813577044,-0.2235404614
13.110000,-0.0777373292,-0.2281263646,-0.0737834285,-0.2238684064
13.120000,-0.0732826393,-0.2318444503,-0.0710425628,-0.2445808754
13.130000,-0.0687640562,-0.2353292202,-0.0720174108,-0.2242648385
13.140000,-0.0641864011,-0.2385769485,-0.0684769435,-0.2466062595
13.150000,-0.0595545457,-0.2415841473,-0.0560488129,-0.2444087462
13.160000,-0.0548734066,-0.2443475695,-0.0445877736,-0.2396387331
13.170000,-0.0501479402,-0.2468642118,-0.0566253681,-0.2539047745
13.180000,-0.0453831376,-0.2491313175,-0.0397298813,-0.2534302785
13.190000,-0.0405840189,-0.2511463793,-0.0449554616,-0.2497114972
13.200000,-0.0357556277,-0.2529071413,-0.0372672430,-0.2594205809
13.210000,-0.0309030264,-0.2544116015,-0.0297558572,-0.2450873068
13.220000,-0.0260312902,-0.2556580137,-0.0270077124,-0.2551632438
13.230000,-0.0211455016,-0.2566448887,-0.0233350862,-0.2524013657
13.240000,-0.0162507456,-0.2573709966,-0.0223026242,-0.2596118023
13.250000,-0.0113521035,-0.2578353675,-0.0131900770,-0.2611803008
13.260000,-0.0064546483,-0.2580372927,-0.0000492116,-0.2571705731
13.270000,-0.0015634386,-0.2579763259,0.0016883237,-0.2563525417
13.280000,0.0033164862,-0.2576522834,0.0051964554,-0.2522602364
13.290000,0.0081801117,-0.2570652448,0.0116603255,-0.2606648418
13.300000,0.0130224532,-0.2562155531,0.0126641183,-0.2554084711
13.310000,0.0178385615,-0.2551038151,0.0124546454,-0.2594456547
13.320000,0.0226235278,-0.2537309005,0.0292674755,-0.2479343306
13.330000,0.0273724888,-0.2520979423,0.0317570188,-0.2413577542
13.340000,0.0320806319,-0.2502063355,0.0353818230,-0.2488126057
13.350000,0.0367431999,-0.2480577366,0.0423267541,-0.2485049429
13.360000,0.0413554964,-0.2456540626,0.0438749046,-0.2500470505
13.370000,0.0459128900,-0.2429974894,0.0562333792,-0.2425199314
13.380000,0.0504108196,-0.2400904505,0.0467811593,-0.2427069551
13.390000,0.0548447988,-0.2369356352,0.0507339366,-0.2263220638
13.400000,0.0592104200,-0.2335359867,0.0647574524,-0.2306323982
13.410000,0.0635033598,-0.2298946996,0.0619889631,-0.2373393318
13.420000,0.0677193825,-0.2260152178,0.0734982164,-0.2269656918
13.430000,0.0718543445,-0.2219012315,0.0660487379,-0.2195107716
13.440000,0.0759041986,-0.2175566744,0.0833467294,-0.2229651428
13.450000,0.0798649978,-0.2129857205,0.0837126559,-0.2093363381
13.460000,0.0837328991,-0.2081927806,0.0734500280,-0.2034213789
13.470000,0.0875041674,-0.2031824986,0.0909743515,-0.2083202765
13.480000,0.0911751788,-0.1979597476,0.0902127185,-0.2006838343
13.490000,0.0947424244,-0.1925296257,0.0957191193,-0.1907947911
13.500000,0.0982025132,-0.1868974512,0.1012589978,-0.1952289025
13.510000,0.1015521754,-0.1810687585,0.1055072417,-0.1744581390
13.520000,0.1047882656,-0.1750492923,0.1143402312,-0.1720573891
13.530000,0.1079077655,-0.1688450033,0.0989356091,-0.1667765696
13.540000,0.1109077866,-0.1624620418,0.1160334326,-0.1612727790
13.550000,0.1137855728,-0.1559067524,0.1207347106,-0.1514073633
13.560000,0.1165385028,-0.1491856678,0.1156435116,-0.1475311949
13.570000,0.1191640926,-0.1423055027,0.1246914825,-0.1422939731
13.580000,0.1216599972,-0.1352731473,0.1162933941,-0.1399202329
13.590000,0.1240240128,-0.1280956600,0.1172425255,-0.1394560119
13.600000,0.1262540786,-0.1207802612,0.1228467476,-0.1237455821
13.610000,0.1283482783,-0.1133343253,0.1308409900,-0.1163151137
13.620000,0.1303048420,-0.1057653738,0.1306722702,-0.1010905840
13.630000,0.1321221469,-0.0980810672,0.1392350509,-0.1040066157
13.640000,0.1337987191,-0.0902891974,0.1363246857,-0.0867865376
13.650000,0.1353332342,-0.0823976793,0.1274340461,-0.0856116573
13.660000,0.1367245183,-0.0744145429,0.1363929724,-0.0751770286
13.670000,0.1379715488,-0.0663479243,0.1326342264,-0.0598787215
13.680000,0.1390734550,-0.0582060576,0.1480925946,-0.0544389628
13.690000,0.1400295182,-0.0499972657,0.1423679582,-0.0502196910
13.700000,0.1408391723,-0.0417299515,0.1441664962,-0.0404010817
13.710000,0.1415020038,-0.0334125888,0.1389417151,-0.0462523355
13.720000,0.1420177515,-0.0250537131,0.1385346287,-0.0280176248
13.730000,0.1423863068,-0.0166619122,0.1458696044,-0.0172444783
13.740000,0.1426077128,-0.0082458172,0.1544019909,0.0043970356
13.750000,0.1426821642,0.0001859076,0.1524402177,0.0007896545
13.760000,0.1426100066,0.0086245736,0.1557345797,0.0053424190
13.770000,0.1423917354,0.0170614779,0.1453956775,0.0216588187
13.780000,0.1420279954,0.0254879125,0.1398578017,0.0193651538
13.790000,0.1415195790,0.0338951745,0.1437675056,0.0236184980
13.800000,0.1408674258,0.0422745748,0.1383867858,0.0461391554
13.810000,0.1400726206,0.0506174486,0.1338324834,0.0567878443
13.820000,0.1391363921,0.0589151641,0.1378822724,0.0554669638
13.830000,0.1380601114,0.0671591328,0.1431538413,0.0686485853
13.840000,0.1368452902,0.0753408180,0.1309465141,0.0768361323
13.850000,0.1354935784,0.0834517449,0.1309602168,0.0892280138
13.860000,0.1340067629,0.0914835094,0.1363156665,0.0899713368
13.870000,0.1323867647,0.0994277873,0.1265894786,0.0912120940
13.880000,0.1306356369,0.1072763432,0.1258956430,0.1092929832
13.890000,0.1287555625,0.1150210396,0.1326926359,0.1091673523
13.900000,0.1267488511,0.1226538454,0.1296597422,0.1204175867
13.910000,0.1246179372,0.1301668441,0.1330980802,0.1258746683
13.920000,0.1223653766,0.1375522431,0.1290526492,0.1446799278
13.930000,0.1199938439,0.1448023806,0.1191781708,0.1557676051
13.940000,0.1175061293,0.1519097348,0.1251587942,0.1486417991
13.950000,0.1149051356,0.1588669307,0.1146895210,0.1713504429
13.960000,0.1121938747,0.1656667483,0.1132880066,0.1644313638
13.970000,0.1093754646,0.1723021297,0.0996136576,0.1709580998
13.980000,0.1064531256,0.1787661862,0.1114315793,0.1755930699
13.990000,0.1034301767,0.1850522052,0.1066104409,0.1860994125
14.000000,0.1003100324,0.1911536570,0.1044356077,0.1860478154
14.010000,0.0970961983,0.1970642010,0.0980599594,0.1958995113
14.020000,0.0937922678,0.2027776923,0.0989750448,0.2123870201
14.030000,0.0904019179,0.2082881871,0.0913455694,0.2081030158
14.040000,0.0869289050,0.2135899489,0.0856445845,0.2144189247
14.050000,0.0833770613,0.2186774535,0.0926958959,0.2157989438
14.060000,0.0797502899,0.2235453947,0.0855852289,0.2039096561
14.070000,0.0760525615,0.2281886891,0.0721793579,0.2325163756
14.080000,0.0722879090,0.2326024805,0.0791529126,0.2328953737
14.090000,0.0684604241,0.2367821448,0.0739570676,0.2352634848
14.100000,0.0645742522,0.2407232943,0.0605313618,0.2412240348
14.110000,0.0606335881,0.2444217812,0.0617925615,0.2390142759
14.120000,0.0566426717,0.2478737019,0.0593898399,0.2449689525
14.130000,0.0526057830,0.2510754003,0.0516306365,0.2500717976
14.140000,0.0485272380,0.2540234710,0.0498241665,0.2576185285
14.150000,0.0444113834,0.2567147627,0.0419562196,0.2624417664
14.160000,0.0402625926,0.2591463807,0.0460038196,0.2641247547
14.170000,0.0360852604,0.2613156896,0.0292850797,0.2691041500
14.180000,0.0318837988,0.2632203159,0.0292667338,0.2626611938
14.190000,0.0276626320,0.2648581499,0.0238286612,0.2695501483
14.200000,0.0234261915,0.2662273477,0.0261847237,0.2588841383
14.210000,0.0191789120,0.2673263330,0.0238268452,0.2700595731
14.220000,0.0149252260,0.2681537988,0.0198875669,0.2679311980
14.230000,0.0106695593,0.2687087081,0.0095450673,0.2693991424
14.240000,0.0064163266,0.2689902958,0.0015879595,0.2635165101
14.250000,0.0021699265,0.2689980687,0.0036958885,0.2695400081
14.260000,-0.0020652629,0.2687318069,-0.0090549030,0.2726522189
14.270000,-0.0062848890,0.2681915637,-0.0211328894,0.2761964075
14.280000,-0.0104846287,0.2673776662,-0.0131191597,0.2745278471
14.290000,-0.0146601932,0.2662907151,-0.0061458901,0.2737733473
14.300000,-0.0188073327,0.2649315844,-0.0216514722,0.2723473016
14.310000,-0.0229218403,0.2633014212,-0.0267456044,0.2594450073
14.320000,-0.0269995567,0.2614016450,-0.0313851947,0.2646354994
14.330000,-0.0310363743,0.2592339467,-0.0394081164,0.2587986740
14.340000,-0.0350282417,0.2568002876,-0.0361719255,0.2620467586
14.350000,-0.0389711672,0.2541028980,-0.0336629162,0.2497578857
14.360000,-0.0428612237,0.2511442759,-0.0479785943,0.2561507232
14.370000,-0.0466945520,0.2479271846,-0.0507626520,0.2456037035
14.380000,-0.0504673647,0.2444546516,-0.0565898792,0.2469257660
14.390000,-0.0541759506,0.2407299653,-0.0441856700,0.2382389803
14.400000,-0.0578166774,0.2367566733,-0.0582604278,0.2417231612
14.410000,-0.0613859962,0.2325385791,-0.0645119490,0.2361086736
14.420000,-0.0648804444,0.2280797396,-0.0663297377,0.2297196300
14.430000,-0.0682966493,0.2233844612,-0.0726184446,0.2237685444
14.440000,-0.0716313312,0.2184572968,-0.0746243254,0.2259085465
14.450000,-0.0748813067,0.2133030417,-0.0666434576,0.2022536973
14.460000,-0.0780434915,0.2079267298,-0.0814371207,0.2050786134
14.470000,-0.0811149036,0.2023336289,-0.0804626312,0.2046997534
14.480000,-0.0840926658,0.1965292367,-0.0834175706,0.1966010559
14.490000,-0.0869740083,0.1905192752,-0.0873135892,0.1804922948
14.500000,-0.0897562715,0.1843096860,-0.0869238897,0.1774445735
14.510000,-0.0924369083,0.1779066251,-0.0960683083,0.1768794076
14.520000,-0.0950134862,0.1713164567,-0.0906435669,0.1745101735
14.530000,-0.0974836894,0.1645457475,-0.0961767756,0.1622959804
14.540000,-0.0998453210,0.1576012608,-0.0956453599,0.1537300007
14.550000,-0.1020963050,0.1504899494,-0.0927002356,0.1559248868
14.560000,-0.1042346873,0.1432189493,-0.1011786437,0.1514765360
14.570000,-0.1062586383,0.1357955726,-0.1143311237,0.1399340200
14.580000,-0.1081664535,0.1282273002,-0.1113756354,0.1165073365
14.590000,-0.1099565551,0.1205217744,-0.1128471010,0.1297338516
14.600000,-0.1116274935,0.1126867910,-0.1162534862,0.1078388093
14.610000,-0.1131779476,0.1047302914,-0.1188849289,0.1037239101
14.620000,-0.1146067265,0.0966603545,-0.1142171646,0.0937340558
14.630000,-0.1159127698,0.0884851880,-0.1198748179,0.0903268031
14.640000,-0.1170951482,0.0802131202,-0.1200412042,0.0823071890
14.650000,-0.1181530641,0.0718525908,-0.1076426869,0.0634710344
14.660000,-0.1190858521,0.0634121421,-0.1149008524,0.0690924197
14.670000,-0.1198929790,0.0549004099,-0.1146834294,0.0546348935
14.680000,-0.1205740438,0.0463261140,-0.1207968890,0.0439669464
14.690000,-0.1211287778,0.0376980488,-0.1184742439,0.0348257104
14.700000,-0.1215570445,0.0290250740,-0.1294115815,0.0276796843
14.710000,-0.1218588390,0.0203161041,-0.1228823659,0.0161656302
14.720000,-0.1220342878,0.0115800998,-0.1248927815,0.0070755994
14.730000,-0.1220836480,0.0028260572,-0.1252539434,0.0002462799
14.740000,-0.1220073067,-0.0059370021,-0.1194954899,-0.0144906304
14.750000,-0.1218057801,-0.0147000402,-0.1202412175,-0.0041182433
14.760000,-0.1214797126,-0.0234540137,-0.1217424368,-0.0205021345
14.770000,-0.1210298756,-0.0321898834,-0.1201928270,-0.0325242706
14.780000,-0.1204571663,-0.0408986243,-0.1168779270,-0.0410445269
14.790000,-0.1197626064,-0.0495712356,-0.1202318933,-0.0435226397
14.800000,-0.1189473406,-0.0581987507,-0.1210755565,-0.0655189803
14.810000,-0.1180126350,-0.0667722469,-0.1094178174,-0.0658641500
14.820000,-0.1169598753,-0.0752828556,-0.1103024738,-0.0746439825
14.830000,-0.1157905652,-0.0837217714,-0.1121814777,-0.0856542534
14.840000,-0.1145063243,-0.0920802625,-0.1207027834,-0.0952394722
14.850000,-0.1131088860,-0.1003496794,-0.1133609348,-0.0973191567
14.860000,-0.1116000954,-0.1085214647,-0.1084464468,-0.1063306123
14.870000,-0.1099819073,-0.1165871625,-0.1088797457,-0.1186508956
14.880000,-0.1082563833,-0.1245384269,-0.1079620190,-0.1235745781
14.890000,-0.1064256897,-0.1323670312,-0.1085365642,-0.1354871937
14.900000,-0.1044920949,-0.1400648766,-0.1103770165,-0.1388490865
14.910000,-0.1024579663,-0.1476240006,-0.0975798941,-0.1482893181
14.920000,-0.1003257685,-0.1550365853,-0.0911087009,-0.1460629401
14.930000,-0.0980980591,-0.1622949655,-0.0982968901,-0.1647657351
14.940000,-0.0957774870,-0.1693916365,-0.0999379182,-0.1649435183
14.950000,-0.0933667885,-0.1763192618,-0.0928473700,-0.1749219321
14.960000,-0.0908687846,-0.1830706803,-0.0902242953,-0.1805340208
14.970000,-0.0882863777,-0.1896389136,-0.0827159590,-0.1912363348
14.980000,-0.0856225481,-0.1960171731,-0.0812717748,-0.1945054454
14.990000,-0.0828803511,-0.2021988658,-0.0871013583,-0.2102448247
15.000000,-0.0800629131,-0.2081776018,-0.0731899826,-0.2107457982
15.010000,-0.0771734284,-0.2139471996,-0.0692711675,-0.2199738682
15.020000,-0.0742151554,-0.2195016923,-0.0738275801,-0.2137480504
15.030000,-0.0711914132,-0.2248353334,-0.0763927222,-0.2197273671
15.040000,-0.0681055778,-0.2299426016,-0.0604798844,-0.2294612494
15.050000,-0.0649610785,-0.2348182065,-0.0651702435,-0.2409010824
15.060000,-0.0617613938,-0.2394570929,-0.0678192673,-0.2354511771
15.070000,-0.0585100480,-0.2438544461,-0.0626975116,-0.2350261212
15.080000,-0.0552106069,-0.2480056954,-0.0646012819,-0.2462206474
15.090000,-0.0518666743,-0.2519065187,-0.0521936069,-0.2517811821
15.100000,-0.0484818878,-0.2555528464,-0.0539956259,-0.2614910364
15.110000,-0.0450599149,-0.2589408647,-0.0363652671,-0.2561594783
15.120000,-0.0416044491,-0.2620670189,-0.0290383206,-0.2639152706
15.130000,-0.0381192057,-0.2649280171,-0.0391192971,-0.2754440452
15.140000,-0.0346079180,-0.2675208323,-0.0327203934,-0.2759678198
15.150000,-0.0310743332,-0.2698427056,-0.0282638028,-0.2789428876
15.160000,-0.0275222082,-0.2718911484,-0.0301420827,-0.2661804543
15.170000,-0.0239553060,-0.2736639445,-0.0309166113,-0.2753006316
15.180000,-0.0203773911,-0.2751591524,-0.0163278643,-0.2772931316
15.190000,-0.0167922260,-0.2763751065,-0.0156899247,-0.2810037125
15.200000,-0.0132035667,-0.2773104191,-0.0083019024,-0.2731445610
15.210000,-0.0096151593,-0.2779639816,-0.0106184306,-0.2768804631
15.220000,-0.0060307355,-0.2783349652,-0.0070526404,-0.2803463890
15.230000,-0.0024540090,-0.2784228224,-0.0059948730,-0.2811902283
15.240000,0.0011113287,-0.2782272870,-0.0054837024,-0.2652471870
15.250000,0.0046616117,-0.2777483751,0.0034248664,-0.2834644013
15.260000,0.0081932039,-0.2769863847,0.0076543052,-0.2859830670
15.270000,0.0117025028,-0.2759418965,0.0156750481,-0.2675115064
15.280000,0.0151859430,-0.2746157728,0.0120492640,-0.2677078141
15.290000,0.0186400000,-0.2730091577,0.0276967034,-0.2749583101
15.300000,0.0220611938,-0.2711234761,0.0230259871,-0.2625833738
15.310000,0.0254460923,-0.2689604329,0.0293569142,-0.2637719032
15.320000,0.0287913152,-0.2665220120,0.0350632866,-0.2616207685
15.330000,0.0320935369,-0.2638104747,0.0371566236,-0.2692685891
15.340000,0.0353494902,-0.2608283585,0.0306954308,-0.2606026459
15.350000,0.0385559693,-0.2575784748,0.0331506852,-0.2647252468
15.360000,0.0417098334,-0.2540639073,0.0529998719,-0.2426147999
15.370000,0.0448080091,-0.2502880093,0.0392591375,-0.2511353134
15.380000,0.0478474943,-0.2462544015,0.0421276519,-0.2453801120
15.390000,0.0508253603,-0.2419669691,0.0529504747,-0.2427461231
15.400000,0.0537387550,-0.2374298584,0.0461758037,-0.2383400554
15.410000,0.0565849058,-0.2326474740,0.0569056839,-0.2210089330
15.420000,0.0593611218,-0.2276244750,0.0596282867,-0.2202782599
15.430000,0.0620647968,-0.2223657709,0.0667182574,-0.2235494142
15.440000,0.0646934111,-0.2168765180,0.0652406629,-0.2171513741
15.450000,0.0672445346,-0.2111621144,0.0667214002,-0.2098076340
15.460000,0.0697158284,-0.2052281958,0.0677927390,-0.2058772001
15.470000,0.0721050471,-0.1990806304,0.0676578058,-0.1923130588
15.480000,0.0744100408,-0.1927255136,0.0656327832,-0.1890976290
15.490000,0.0766287572,-0.1861691625,0.0784788166,-0.1799780447
15.500000,0.0787592427,-0.1794181102,0.0778530681,-0.1846742911
15.510000,0.0807996450,-0.1724790997,0.0776692813,-0.1732861458
15.520000,0.0827482138,-0.1653590773,0.0919684653,-0.1597863543
15.530000,0.0846033025,-0.1580651863,0.0888439044,-0.1633592365
15.540000,0.0863633698,-0.1506047602,0.0777499479,-0.1497703520
15.550000,0.0880269805,-0.1429853148,0.0832502641,-0.1430977741
15.560000,0.0895928065,-0.1352145417,0.0867562433,-0.1348701090
15.570000,0.0910596283,-0.1273002998,0.0970431728,-0.1223175696
15.580000,0.0924263352,-0.1192506080,0.0980537769,-0.1199981299
15.590000,0.0936919262,-0.1110736366,0.0868890848,-0.1134221689
15.600000,0.0948555108,-0.1027776988,0.0945392360,-0.1029290800
15.610000,0.0959163092,-0.0943712422,0.0961779408,-0.0999062855
15.620000,0.0968736528,-0.0858628401,0.1000104652,-0.0880334496
15.630000,0.0977269844,-0.0772611821,0.0968431385,-0.0780331990
15.640000,0.0984758583,-0.0685750651,0.1007993673,-0.0695593315
15.650000,0.0991199401,-0.0598133834,0.1005482624,-0.0603087364
15.660000,0.0996590070,-0.0509851196,0.1054803716,-0.0524801597
15.670000,0.1000929472,-0.0420993346,0.0949295386,-0.0464129477
15.680000,0.1004217596,-0.0331651575,0.0943052117,-0.0348489314
15.690000,0.1006455537,-0.0241917762,0.1033835657,-0.0236668739
15.700000,0.1007645482,-0.0151884263,0.0979928690,-0.0249931498
15.710000,0.1007790713,-0.0061643817,0.1058868678,-0.0066104058
15.720000,0.1006895592,0.0028710557,0.0975456187,0.0000664762
15.730000,0.1004965553,0.0119085670,0.0943407560,0.0127473868
15.740000,0.1002007096,0.0209388260,0.0954817847,0.0223076384
15.750000,0.0998027769,0.0299525096,0.0840756026,0.0196873533
15.760000,0.0993036162,0.0389403088,0.1031101669,0.0372182885
15.770000,0.0987041890,0.0478929382,0.0965410131,0.0462137136
15.780000,0.0980055578,0.0568011469,0.0987829135,0.0505836501
15.790000,0.0972088850,0.0656557284,0.0946635140,0.0645803570
15.800000,0.0963154307,0.0744475309,0.0961105716,0.0744074359
15.810000,0.0953265515,0.0831674675,0.0970687619,0.0811238128
15.820000,0.0942436983,0.0918065258,0.0968009824,0.0834820339
15.830000,0.0930684145,0.1003557781,0.0918589876,0.0970073353
15.840000,0.0918023340,0.1088063908,0.0921128531,0.1157857090
15.850000,0.0904471793,0.1171496341,0.0834331592,0.1188316539
15.860000,0.0890047589,0.1253768914,0.0870699600,0.1223952250
15.870000,0.0874769656,0.1334796683,0.0816517678,0.1399862108
15.880000,0.0858657735,0.1414496017,0.0922129179,0.1449829248
15.890000,0.0841732361,0.1492784685,0.0771663662,0.1455655105
15.900000,0.0824014837,0.1569581942,0.0857008585,0.1590888982
15.910000,0.0805527206,0.1644808613,0.0801998357,0.1663992058
15.920000,0.0786292230,0.1718387172,0.0826300860,0.1690433845
15.930000,0.0766333355,0.1790241823,0.0766830785,0.1692306549
15.940000,0.0745674690,0.1860298574,0.0687433062,0.1785563815
15.950000,0.0724340979,0.1928485311,0.0752020317,0.1916082042
15.960000,0.0702357564,0.1994731869,0.0756813150,0.1976766117
15.970000,0.0679750368,0.2058970102,0.0673293078,0.2046548950
15.980000,0.0656545854,0.2121133944,0.0573341645,0.2138756872
15.990000,0.0632771000,0.2181159477,0.0583326857,0.2102253269
16.000000,0.0608453270,0.2238984987,0.0665532045,0.2262006803
16.010000,0.0583620577,0.2294551025,0.0666207448,0.2271804346
16.020000,0.0558301255,0.2347800459,0.0575447472,0.2368495055
16.030000,0.0532524030,0.2398678529,0.0530807553,0.2404066269
16.040000,0.0506317980,0.2447132894,0.0445702388,0.2448025308
16.050000,0.0479712509,0.2493113678,0.0470120470,0.2489252976
16.060000,0.0452737312,0.2536573517,0.0513597238,0.2530514215
16.070000,0.0425422342,0.2577467602,0.0379165677,0.2534352186
16.080000,0.0397797778,0.2615753710,0.0360960332,0.2558781970
16.090000,0.0369893987,0.2651392251,0.0385476726,0.2713708314
16.100000,0.0341741498,0.2684346293,0.0421636233,0.2756023705
16.110000,0.0313370964,0.2714581600,0.0319421425,0.2672544917
16.120000,0.0284813129,0.2742066656,0.0268553913,0.2737348420
16.130000,0.0256098795,0.2766772696,0.0280423638,0.2743243050
16.140000,0.0227258788,0.2788673728,0.0286560103,0.2738849006
16.150000,0.0198323927,0.2807746555,0.0197684632,0.2841700058
16.160000,0.0169324987,0.2823970796,0.0149454196,0.2802170649
16.170000,0.0140292671,0.2837328901,0.0076655137,0.2911054406
16.180000,0.0111257573,0.2847806169,0.0090975676,0.2901644303
16.190000,0.0082250146,0.2855390760,0.0144544099,0.2939531046
16.200000,0.0053300673,0.2860073704,0.0060925161,0.2886753281
16.210000,0.0024439231,0.2861848914,0.0088482342,0.2860104845
16.220000,-0.0004304337,0.2860713187,-0.0017321201,0.2842030765
16.230000,-0.0032900457,0.2856666211,-0.0029508634,0.2853588668
16.240000,-0.0061319851,0.2849710568,-0.0090259004,0.2913086953
16.250000,-0.0089533568,0.2839851732,-0.0120148338,0.2839538804
16.260000,-0.0117513018,0.2827098068,-0.0165164815,0.2871184564
16.270000,-0.0145229993,0.2811460827,-0.0276228492,0.2827306814
16.280000,-0.0172656706,0.2792954138,-0.0128487176,0.2783301422
16.290000,-0.0199765809,0.2771595001,-0.0198222712,0.2718889455
16.300000,-0.0226530429,0.2747403276,-0.0259504829,0.2739700669
16.310000,-0.0252924188,0.2720401666,-0.0283074723,0.2699521584
16.320000,-0.0278921235,0.2690615705,-0.0222603816,0.2637166184
16.330000,-0.0304496267,0.2658073738,-0.0341421853,0.2696838468
16.340000,-0.0329624555,0.2622806901,-0.0406467367,0.2657599480
16.350000,-0.0354281970,0.2584849095,-0.0378453712,0.2625730852
16.360000,-0.0378445004,0.2544236964,-0.0401888131,0.2579697650
16.370000,-0.0402090794,0.2501009867,-0.0435561387,0.2455130239
16.380000,-0.0425197142,0.2455209843,-0.0409636897,0.2425581356
16.390000,-0.0447742535,0.2406881581,-0.0554303978,0.2347411514
16.400000,-0.0469706169,0.2356072383,-0.0423407229,0.2352695998
16.410000,-0.0491067963,0.2302832124,-0.0487993501,0.2369173413
16.420000,-0.0511808582,0.2247213213,-0.0514299121,0.2249769612
16.430000,-0.0531909449,0.2189270546,-0.0541683179,0.2158770263
16.440000,-0.0551352767,0.2129061460,-0.0568575864,0.2232435969
16.450000,-0.0570121527,0.2066645682,-0.0630619213,0.2030659925
16.460000,-0.0588199532,0.2002085276,-0.0609370480,0.1961881959
16.470000,-0.0605571400,0.1935444592,-0.0679397088,0.2019380414
16.480000,-0.0622222586,0.1866790197,-0.0585909719,0.1870260443
16.490000,-0.0638139385,0.1796190823,-0.0702721905,0.1901014263
16.500000,-0.0653308950,0.1723717299,-0.0585894888,0.1692387937
16.510000,-0.0667719297,0.1649442481,-0.0690286716,0.1619331820
16.520000,-0.0681359312,0.1573441186,-0.0704229006,0.1527731748
16.530000,-0.0694218765,0.1495790117,-0.0669431166,0.1537222863
16.540000,-0.0706288310,0.1416567788,-0.0723043431,0.1400394270
16.550000,-0.0717559494,0.1335854443,-0.0778264119,0.1307938692
16.560000,-0.0728024761,0.1253731979,-0.0714905841,0.1226028250
16.570000,-0.0737677453,0.1170283860,-0.0796533602,0.1258644587
16.580000,-0.0746511817,0.1085595028,-0.0749592629,0.1071396172
16.590000,-0.0754523004,0.0999751822,-0.0729048295,0.0980209590
16.600000,-0.0761707066,0.0912841879,-0.0776559188,0.0804246219
16.610000,-0.0768060965,0.0824954047,-0.0741217033,0.0847196674
16.620000,-0.0773582560,0.0736178287,-0.0708041673,0.0851216520
16.630000,-0.0778270614,0.0646605576,-0.0772718873,0.0547641467
16.640000,-0.0782124786,0.0556327812,-0.0802448413,0.0507093814
16.650000,-0.0785145627,0.0465437708,-0.0806412739,0.0487108984
16.660000,-0.0787334575,0.0374028697,-0.0748290936,0.0358569265
16.670000,-0.0788693951,0.0282194823,-0.0800307712,0.0232909184
16.680000,-0.0789226947,0.0190030643,-0.0785343029,0.0240206449
16.690000,-0.0788937624,0.0097631116,-0.0773175941,0.0096828724
16.700000,-0.0787830898,0.0005091502,-0.0714274067,0.0041951834
16.710000,-0.0785912533,-0.0087492746,-0.0770129664,-0.0080567062
16.720000,-0.0783189128,-0.0180026087,-0.0706861741,-0.0273992288
16.730000,-0.0779668110,-0.0272413000,-0.0768689731,-0.0340713958
16.740000,-0.0775357716,-0.0364558092,-0.0824569595,-0.0403468707
16.750000,-0.0770266983,-0.0456366199,-0.0799344177,-0.0391416789
16.760000,-0.0764405735,-0.0547742499,-0.0797138476,-0.0569225354
16.770000,-0.0757784564,-0.0638592611,-0.0741527983,-0.0632669625
16.780000,-0.0750414820,-0.0728822703,-0.0824449135,-0.0752958810
16.790000,-0.0742308591,-0.0818339595,-0.0658260002,-0.0726763373
16.800000,-0.0733478685,-0.0907050862,-0.0755526898,-0.0988997520
16.810000,-0.0723938618,-0.0994864932,-0.0755439834,-0.1064326060
16.820000,-0.0713702589,-0.1081691191,-0.0795317512,-0.1095487857
16.830000,-0.0702785465,-0.1167440075,-0.0637345312,-0.1240071109
16.840000,-0.0691202761,-0.1252023170,-0.0663380322,-0.1304231265
16.850000,-0.0678970619,-0.1335353308,-0.0689998667,-0.1401590169
16.860000,-0.0666105786,-0.1417344654,-0.0756143818,-0.1403555584
16.870000,-0.0652625595,-0.1497912799,-0.0669888647,-0.1492339253
16.880000,-0.0638547943,-0.1576974850,-0.0579371910,-0.1592128081
16.890000,-0.0623891264,-0.1654449511,-0.0625414891,-0.1680090340
16.900000,-0.0608674515,-0.1730257171,-0.0579561908,-0.1664544250
16.910000,-0.0592917143,-0.1804319979,-0.0525394638,-0.1831855475
16.920000,-0.0576639067,-0.1876561927,-0.0498791947,-0.1838423288
16.930000,-0.0559860653,-0.1946908924,-0.0556445100,-0.2014079889
16.940000,-0.0542602689,-0.2015288864,-0.0500020026,-0.2028298171
16.950000,-0.0524886357,-0.2081631704,-0.0528451305,-0.2025884527
16.960000,-0.0506733214,-0.2145869525,-0.0526949846,-0.2076727205
16.970000,-0.0488165163,-0.2207936598,-0.0484093219,-0.2086449954
16.980000,-0.0469204424,-0.2267769444,-0.0417611152,-0.2313773451
16.990000,-0.0449873516,-0.2325306897,-0.0484531193,-0.2269589533
17.000000,-0.0430195222,-0.2380490155,-0.0410261170,-0.2420569081
17.010000,-0.0410192569,-0.2433262836,-0.0444481600,-0.2489266968
17.020000,-0.0389888800,-0.2483571029,-0.0384146845,-0.2447700115
17.030000,-0.0369307344,-0.2531363337,-0.0444099541,-0.2503301430
17.040000,-0.0348471795,-0.2576590927,-0.0370428376,-0.2498715311
17.050000,-0.0327405878,-0.2619207571,-0.0293816472,-0.2594815336
17.060000,-0.0306133431,-0.2659169683,-0.0183201578,-0.2619717572
17.070000,-0.0284678370,-0.2696436360,-0.0294007327,-0.2734880439
17.080000,-0.0263064667,-0.2730969412,-0.0260562771,-0.2742108177
17.090000,-0.0241316324,-0.2762733397,-0.0204613310,-0.2794922307
17.100000,-0.0219457340,-0.2791695649,-0.0276225897,-0.2801532392
17.110000,-0.0197511694,-0.2817826306,-0.0156764768,-0.2777822447
17.120000,-0.0175503311,-0.2841098334,-0.0169708984,-0.2802831085
17.130000,-0.0153456039,-0.2861487548,-0.0132998704,-0.2906644020
17.140000,-0.0131393623,-0.2878972634,-0.0064427491,-0.2851285262
17.150000,-0.0109339681,-0.2893535164,-0.0153572451,-0.2912098214
17.160000,-0.0087317672,-0.2905159613,-0.0142672762,-0.2922218118
17.170000,-0.0065350882,-0.2913833374,-0.0059996758,-0.2868978139
17.180000,-0.0043462387,-0.2919546762,-0.0045117362,-0.2948536222
17.190000,-0.0021675040,-0.2922293030,-0.0072570288,-0.3021813280
17.200000,-0.0000011437,-0.2922068373,-0.0066294071,-0.2886421977
17.210000,0.0021506099,-0.2918871929,-0.0005519083,-0.2915896208
17.220000,0.0042855546,-0.2912705785,0.0061960227,-0.2930779684
17.230000,0.0064015202,-0.2903574975,0.0196058469,-0.2937757206
17.240000,0.0084963711,-0.2891487479,0.0079434725,-0.2884866718
17.250000,0.0105680080,-0.2876454216,0.0034906284,-0.2877758170
17.260000,0.0126143707,-0.2858489041,0.0117836316,-0.2833897776
17.270000,0.0146334394,-0.2837608732,0.0182049282,-0.2719806854
17.280000,0.0166232373,-0.2813832981,0.0147260578,-0.2921017371
17.290000,0.0185818320,-0.2787184378,0.0137958230,-0.2783882644
17.300000,0.0205073381,-0.2757688400,0.0170495394,-0.2721455482
17.310000,0.0223979182,-0.2725373388,0.0206006646,-0.2744613397
17.320000,0.0242517854,-0.2690270526,0.0223936855,-0.2786760488
17.330000,0.0260672044,-0.2652413823,0.0240173214,-0.2671144588
17.340000,0.0278424935,-0.2611840081,0.0293682014,-0.2665185603
17.350000,0.0295760261,-0.2568588871,0.0252825593,-0.2527748010
17.360000,0.0312662319,-0.2522702499,0.0329793044,-0.2522081404
17.370000,0.0329115986,-0.2474225976,0.0210318390,-0.2527243057
17.380000,0.0345106732,-0.2423206978,0.0363950709,-0.2403474960
17.390000,0.0360620632,-0.2369695810,0.0421157268,-0.2348030875
17.400000,0.0375644375,-0.2313745363,0.0430101077,-0.2378168919
17.410000,0.0390165282,-0.2255411067,0.0318984337,-0.2129256911
17.420000,0.0404171309,-0.2194750849,0.0455555701,-0.2248306661
17.430000,0.0417651061,-0.2131825076,0.0449193691,-0.2202196877
17.440000,0.0430593797,-0.2066696509,0.0331262283,-0.2008972110
17.450000,0.0442989443,-0.1999430239,0.0381132890,-0.1936126808
17.460000,0.0454828593,-0.1930093634,0.0578801331,-0.1912345132
17.470000,0.0466102522,-0.1858756275,0.0493919450,-0.1836022304
17.480000,0.0476803184,-0.1785489887,0.0397078001,-0.1759981156
17.490000,0.0486923222,-0.1710368279,0.0350590182,-0.1708187825
17.500000,0.0496455970,-0.1633467264,0.0381475779,-0.1627059015
17.510000,0.0505395457,-0.1554864594,0.0444229186,-0.1604790237
17.520000,0.0513736408,-0.1474639875,0.0597102924,-0.1455031014
17.530000,0.0521474244,-0.1392874495,0.0587148010,-0.1310691998
17.540000,0.0528605086,-0.1309651535,0.0531924732,-0.1286239371
17.550000,0.0535125753,-0.1225055690,0.0564956441,-0.1158902339
17.560000,0.0541033761,-0.1139173181,0.0615783419,-0.1198532811
17.570000,0.0546327322,-0.1052091659,0.0600459085,-0.1071356420
17.580000,0.0551005339,-0.0963900122,0.0529766267,-0.1003970027
17.590000,0.0555067404,-0.0874688814,0.0623007459,-0.0904355222
17.600000,0.0558513797,-0.0784549129,0.0536972728,-0.0809210066
17.610000,0.0561345476,-0.0693573517,0.0515784454,-0.0640010907
17.620000,0.0563564074,-0.0601855379,0.0545032243,-0.0589544877
17.630000,0.0565171892,-0.0509488970,0.0588997751,-0.0495085659
17.640000,0.0566171893,-0.0416569288,0.0565942754,-0.0364808087
17.650000,0.0566567693,-0.0323191977,0.0624121634,-0.0318853176
17.660000,0.0566363552,-0.0229453219,0.0580631778,-0.0246517554
17.670000,0.0565564367,-0.0135449623,0.0545257615,-0.0080171007
17.680000,0.0564175659,-0.0041278122,0.0567557199,0.0028548052
17.690000,0.0562203567,0.0052964137,0.0493547157,-0.0001151318
17.700000,0.0559654830,0.0147179901,0.0637110279,0.0159292871
17.710000,0.0556536783,0.0241271919,0.0547646666,0.0256149951
17.720000,0.0552857340,0.0335143054,0.0658377982,0.0385373956
17.730000,0.0548624980,0.0428696388,0.0620409865,0.0473390297
17.740000,0.0543848738,0.0521835333,0.0607302804,0.0613592835
17.750000,0.0538538185,0.0614463736,0.0537962919,0.0651963651
17.760000,0.0532703421,0.0706485986,0.0484157751,0.0667862450
17.770000,0.0526355053,0.0797807124,0.0500548530,0.0842517403
17.780000,0.0519504181,0.0888332942,0.0561178971,0.0837186035
17.790000,0.0512162384,0.0977970090,0.0491796124,0.0961798811
17.800000,0.0504341703,0.1066626175,0.0569459919,0.1138810850
17.810000,0.0496054623,0.1154209866,0.0508285751,0.1127020126
17.820000,0.0487314054,0.1240630985,0.0549548844,0.1256626890
17.830000,0.0478133318,0.1325800612,0.0454936721,0.1283914763
17.840000,0.0468526126,0.1409631172,0.0472981326,0.1339354650
17.850000,0.0458506563,0.1492036531,0.0517516426,0.1554351858
17.860000,0.0448089067,0.1572932085,0.0376680789,0.1641513334
17.870000,0.0437288411,0.1652234848,0.0448882981,0.1702852192
17.880000,0.0426119684,0.1729863534,0.0426520414,0.1613251746
17.890000,0.0414598270,0.1805738642,0.0450491743,0.1770028697
17.900000,0.0402739830,0.1879782538,0.0483838035,0.1895453653
17.910000,0.0390560281,0.1951919523,0.0364550266,0.1954547411
17.920000,0.0378075775,0.2022075917,0.0363081556,0.1963023665
17.930000,0.0365302682,0.2090180125,0.0452076014,0.2176800510
17.940000,0.0352257566,0.2156162704,0.0325854726,0.2200207320
17.950000,0.0338957164,0.2219956435,0.0330753973,0.2180712453
17.960000,0.0325418369,0.2281496377,0.0390096778,0.2233823138
17.970000,0.0311658209,0.2340719933,0.0274394810,0.2394334120
17.980000,0.0297693823,0.2397566906,0.0350635692,0.2348158974
17.990000,0.0283542442,0.2451979549,0.0288010974,0.2449776132
18.000000,0.0269221369,0.2503902622,0.0220414890,0.2505214234
18.010000,0.0254747958,0.2553283435,0.0252872799,0.2564925252
18.020000,0.0240139594,0.2600071897,0.0241985603,0.2566654185
18.030000,0.0225413672,0.2644220557,0.0209863894,0.2622378012
18.040000,0.0210587575,0.2685684646,0.0160249458,0.2652851177
18.050000,0.0195678658,0.2724422112,0.0238154769,0.2746597396
18.060000,0.0180704224,0.2760393655,0.0171532621,0.2660740839
18.070000,0.0165681505,0.2793562760,0.0197764508,0.2844400679
18.080000,0.0150627646,0.2823895730,0.0134325166,0.2855154718
18.090000,0.0135559678,0.2851361704,0.0201146127,0.2799095829
18.100000,0.0120494509,0.2875932693,0.0100467289,0.2937297194
18.110000,0.0105448896,0.2897583594,0.0113145157,0.2909596468
18.120000,0.0090439430,0.2916292211,0.0040693101,0.2857820819
18.130000,0.0075482521,0.2932039278,0.0150745651,0.2960802059
18.140000,0.0060594373,0.2944808469,0.0142056171,0.2909698241
18.150000,0.0045790973,0.2954586412,0.0110436071,0.2986291220
18.160000,0.0031088072,0.2961362700,0.0058858339,0.2970634522
18.170000,0.0016501164,0.2965129901,0.0023811620,0.2977137426
18.180000,0.0002045476,0.2965883564,-0.0043056035,0.3077372104
18.190000,-0.0012264051,0.2963622221,-0.0022614002,0.2991076950
18.200000,-0.0026412780,0.2958347391,-0.0026398142,0.2993835911
18.210000,-0.0040386387,0.2950063579,-0.0007191278,0.2973125824
18.220000,-0.0054170882,0.2938778276,-0.0094747099,0.2862965456
18.230000,-0.0067752618,0.2924501950,-0.0058102460,0.2898939259
18.240000,-0.0081118307,0.2907248042,-0.0031874699,0.2975929025
18.250000,-0.0094255033,0.2887032959,-0.0085535066,0.2848971371
18.260000,-0.0107150266,0.2863876056,-0.0013574402,0.2838997862
18.270000,-0.0119791869,0.2837799630,-0.0091393113,0.2906499560
18.280000,-0.0132168114,0.2808828900,-0.0165857914,0.2751684359
18.290000,-0.0144267691,0.2776991989,-0.0140169025,0.2766157813
18.300000,-0.0156079721,0.2742319904,-0.0190640036,0.2791438011
18.310000,-0.0167593760,0.2704846510,-0.0165413873,0.2684273970
18.320000,-0.0178799813,0.2664608512,-0.0194206528,0.2640970340
18.330000,-0.0189688341,0.2621645417,-0.0207696609,0.2588225858
18.340000,-0.0200250269,0.2575999508,-0.0218070262,0.2561440668
18.350000,-0.0210476991,0.2527715813,-0.0094860232,0.2526074671
18.360000,-0.0220360381,0.2476842064,-0.0131875926,0.2500877528
18.370000,-0.0229892796,0.2423428658,-0.0277771855,0.2524261669
18.380000,-0.0239067082,0.2367528620,-0.0220538239,0.2347328403
18.390000,-0.0247876576,0.2309197554,-0.0219244227,0.2297091484
18.400000,-0.0256315116,0.2248493598,-0.0266580075,0.2170080550
18.410000,-0.0264377041,0.2185477370,-0.0262096789,0.2071144012
18.420000,-0.0272057191,0.2120211921,-0.0323146939,0.2144372362
18.430000,-0.0279350915,0.2052762671,-0.0376654607,0.2057141392
18.440000,-0.0286254068,0.1983197357,-0.0369642155,0.2002277162
18.450000,-0.0292763013,0.1911585963,-0.0170785105,0.1896291948
18.460000,-0.0298874625,0.1838000663,-0.0258779028,0.1842905807
18.470000,-0.0304586282,0.1762515746,-0.0272784380,0.1749166888
18.480000,-0.0309895874,0.1685207548,-0.0354310784,0.1654139360
18.490000,-0.0314801793,0.1606154378,-0.0330605238,0.1567371517
18.500000,-0.0319302936,0.1525436440,-0.0313598319,0.1539696605
18.510000,-0.0323398701,0.1443135753,-0.0333196978,0.1600113033
18.520000,-0.0327088981,0.1359336069,-0.0301001403,0.1248023312
18.530000,-0.0330374164,0.1274122788,-0.0377216467,0.1255414094
18.540000,-0.0333255124,0.1187582870,-0.0280167543,0.1206420587
18.550000,-0.0335733220,0.1099804742,-0.0350899815,0.1101191829
18.560000,-0.0337810285,0.1010878210,-0.0262229044,0.1039518325
18.570000,-0.0339488625,0.0920894358,-0.0454387504,0.0911387770
18.580000,-0.0340771010,0.0829945457,-0.0246924620,0.0880896807
18.590000,-0.0341660665,0.0738124859,-0.0427508664,0.0718747061
18.600000,-0.0342161263,0.0645526902,-0.0297941955,0.0632951348
18.610000,-0.0342276918,0.0552246804,-0.0404908042,0.0533864035
18.620000,-0.0342012174,0.0458380556,-0.0360347146,0.0546196954
18.630000,-0.0341371996,0.0364024821,-0.0476894736,0.0308053513
18.640000,-0.0340361761,0.0269276826,-0.0291695061,0.0225377168
18.650000,-0.0338987246,0.0174234248,-0.0317431008,0.0181013300
18.660000,-0.0337254618,0.0078995114,-0.0406293090,0.0082381028
18.670000,-0.0335170425,-0.0016342315,-0.0334172655,-0.0158733450
18.680000,-0.0332741579,-0.0111679653,-0.0351123289,-0.0156036544
18.690000,-0.0329975349,-0.0206918497,-0.0336009914,-0.0256563236
18.700000,-0.0326879347,-0.0301960537,-0.0306963682,-0.0283880738
18.710000,-0.0323461514,-0.0396707672,-0.0342891270,-0.0433355249
18.720000,-0.0319730108,-0.0491062111,-0.0286457594,-0.0539306377
18.730000,-0.0315693691,-0.0584926490,-0.0295295077,-0.0568766057
18.740000,-0.0311361115,-0.0678203975,-0.0316318390,-0.0713033350
18.750000,-0.0306741506,-0.0770798371,-0.0306174397,-0.0715564213
18.760000,-0.0301844255,-0.0862614231,-0.0267736689,-0.0796174154
18.770000,-0.0296678998,-0.0953556957,-0.0254373125,-0.0921809977
18.780000,-0.0291255603,-0.1043532904,-0.0318344126,-0.1019394168
18.790000,-0.0285584157,-0.1132449484,-0.0308628970,-0.1128297824
18.800000,-0.0279674951,-0.1220215266,-0.0292405100,-0.1247840063
18.810000,-0.0273538460,-0.1306740071,-0.0280230805,-0.1278562001
18.820000,-0.0267185335,-0.1391935069,-0.0284467696,-0.1344331292
18.830000,-0.0260626382,-0.1475712874,-0.0231080413,-0.1500314288
18.840000,-0.0253872547,-0.1557987635,-0.0326718108,-0.1580501086
18.850000,-0.0246934906,-0.1638675122,-0.0149248115,-0.1707267470
18.860000,-0.0239824641,-0.1717692816,-0.0286757413,-0.1782277253
18.870000,-0.0232553030,-0.1794959989,-0.0309895493,-0.1722300214
18.880000,-0.0225131431,-0.1870397790,-0.0148088926,-0.1802392274
18.890000,-0.0217571264,-0.1943929316,-0.0230049954,-0.1902563577
18.900000,-0.0209883997,-0.2015479692,-0.0242572723,-0.2017585912
18.910000,-0.0202081131,-0.2084976142,-0.0195076545,-0.2092986709
18.920000,-0.0194174180,-0.2152348059,-0.0161933057,-0.2142881155
18.930000,-0.0186174665,-0.2217527070,-0.0147426811,-0.2236655418
18.940000,-0.0178094088,-0.2280447102,-0.0269929961,-0.2235424345
18.950000,-0.0169943924,-0.2341044438,-0.0098888970,-0.2399031468
18.960000,-0.0161735603,-0.2399257780,-0.0234041499,-0.2429101759
18.970000,-0.0153480496,-0.2455028301,-0.0060727793,-0.2549000767
18.980000,-0.0145189901,-0.2508299696,-0.0176037975,-0.2536052454
18.990000,-0.0136875026,-0.2559018233,-0.0087083178,-0.2537634884
19.000000,-0.0128546979,-0.2607132798,-0.0173360118,-0.2713544145
19.010000,-0.0120216749,-0.2652594936,-0.0071526112,-0.2650476230
19.020000,-0.0111895196,-0.2695358898,-0.0136140586,-0.2649533793
19.030000,-0.0103593036,-0.2735381670,-0.0086563396,-0.2696430081
19.040000,-0.0095320829,-0.2772623016,-0.0035750707,-0.2839014135
19.050000,-0.0087088963,-0.2807045506,-0.0114704819,-0.2692140330
19.060000,-0.0078907646,-0.2838614545,0.0016746130,-0.2759514484
19.070000,-0.0070786889,-0.2867298406,-0.0026471242,-0.2847120397
19.080000,-0.0062736498,-0.2893068248,-0.0069525400,-0.2916543629
19.090000,-0.0054766061,-0.2915898143,-0.0072741211,-0.2990179185
19.100000,-0.0046884935,-0.2935765096,0.0005992926,-0.2989192349
19.110000,-0.0039102238,-0.2952649057,-0.0076292781,-0.2896340404
19.120000,-0.0031426837,-0.2966532945,-0.0124299151,-0.2948819566
19.130000,-0.0023867340,-0.2977402654,-0.0020487366,-0.3027880509
19.140000,-0.0016432082,-0.2985247068,-0.0028548195,-0.3074682971
19.150000,-0.0009129121,-0.2990058068,-0.0007688168,-0.2984812519
19.160000,-0.0001966227,-0.2991830538,0.0031530313,-0.3049095167
19.170000,0.0005049129,-0.2990562370,-0.0028907641,-0.3066674943
19.180000,0.0011909777,-0.2986254464,0.0100016192,-0.3003062959
19.190000,0.0018608860,-0.2978910733,0.0066983759,-0.3040747583
19.200000,0.0025139838,-0.2968538094,0.0025247928,-0.3092442256
19.210000,0.0031496499,-0.2955146467,0.0034179724,-0.2932740669
19.220000,0.0037672957,-0.2938748769,0.0042020740,-0.2951773067
19.230000,0.0043663665,-0.2919360902,-0.0014385326,-0.2963986474
19.240000,0.0049463417,-0.2897001745,0.0120107200,-0.2859724467
19.250000,0.0055067351,-0.2871693137,0.0072554066,-0.2836746442
19.260000,0.0060470956,-0.2843459865,-0.0010568302,-0.2772073686
19.270000,0.0065670072,-0.2812329642,0.0033039499,-0.2833168691
19.280000,0.0070660896,-0.2778333087,0.0021092157,-0.2691071758
19.290000,0.0075439983,-0.2741503706,0.0076926084,-0.2687383254
19.300000,0.0080004247,-0.2701877861,0.0092782237,-0.2652024180
19.310000,0.0084350964,-0.2659494745,0.0051548506,-0.2632118356
19.320000,0.0088477771,-0.2614396348,0.0098645932,-0.2668679816
19.330000,0.0092382669,-0.2566627430,0.0125365251,-0.2610419347
19.340000,0.0096064021,-0.2516235478,0.0019466148,-0.2545462891
19.350000,0.0099520550,-0.2463270669,0.0138863596,-0.2446794486
19.360000,0.0102751341,-0.2407785833,0.0149024058,-0.2438125069
19.370000,0.0105755839,-0.2349836403,0.0121641932,-0.2299679546
19.380000,0.0108533841,-0.2289480368,0.0106619432,-0.2223184636
19.390000,0.0111085503,-0.2226778226,0.0121071798,-0.2201242122
19.400000,0.0113411327,-0.2161792931,0.0021893764,-0.2229210999
19.410000,0.0115512166,-0.2094589830,0.0173966168,-0.2054453304
19.420000,0.0117389213,-0.2025236614,0.0061525448,-0.1986345960
19.430000,0.0119044000,-0.1953803247,0.0119891909,-0.1988278925
19.440000,0.0120478393,-0.1880361907,0.0092014246,-0.1933785461
19.450000,0.0121694584,-0.1804986913,0.0143337524,-0.1787725092
19.460000,0.0122695088,-0.1727754659,0.0154292161,-0.1743288622
19.470000,0.0123482734,-0.1648743535,0.0065109439,-0.1605422523
19.480000,0.0124060661,-0.1568033854,0.0122780072,-0.1561257588
19.490000,0.0124432307,-0.1485707770,0.0204636736,-0.1523445264
19.500000,0.0124601404,-0.1401849194,0.0083305159,-0.1501910885
19.510000,0.0124571972,-0.1316543714,0.0146364690,-0.1355702428
19.520000,0.0124348304,-0.1229878502,0.0162533570,-0.1227304899
19.530000,0.0123934964,-0.1141942223,0.0148897003,-0.1167966691
19.540000,0.0123336773,-0.1052824947,0.0150720580,-0.1088217121
19.550000,0.0122558804,-0.0962618049,0.0081032967,-0.0941678227
19.560000,0.0121606369,-0.0871414115,0.0053557831,-0.0808053937
19.570000,0.0120485008,-0.0779306837,0.0150101288,-0.0761382250
19.580000,0.0119200481,-0.0686390920,0.0162403462,-0.0699205504
19.590000,0.0117758759,-0.0592761968,0.0087124969,-0.0498876077
19.600000,0.0116166007,-0.0498516389,0.0116115697,-0.0487751355
19.610000,0.0114428580,-0.0403751283,0.0054075883,-0.0404975154
19.620000,0.0112553005,-0.0308564335,0.0078268304,-0.0316849024
19.630000,0.0110545975,-0.0213053708,0.0102528942,-0.0143160306
19.640000,0.0108414333,-0.0117317933,0.0130727044,-0.0202032872
19.650000,0.0106165063,-0.0021455798,0.0067221390,-0.0083927343
19.660000,0.0103805275,0.0074433764,0.0130009229,0.0144364353
19.670000,0.0101342196,0.0170251782,0.0041806647,0.0182738318
19.680000,0.0098783156,0.0265899361,0.0144418629,0.0380933003
19.690000,0.0096135572,0.0361277793,0.0124024397,0.0387397291
19.700000,0.0093406944,0.0456288664,0.0062803738,0.0549174799
19.710000,0.0090604834,0.0550833971,0.0101404555,0.0468421507
19.720000,0.0087736856,0.0644816224,0.0070938759,0.0567726232
19.730000,0.0084810665,0.0738138557,0.0059787025,0.0699290016
19.740000,0.0081833944,0.0830704836,0.0145434454,0.0813555674
19.750000,0.0078814388,0.0922419767,0.0039814126,0.0939072922
19.760000,0.0075759696,0.1013188993,0.0111779800,0.1148598091
19.770000,0.0072677554,0.1102919204,0.0018107358,0.1056711756
19.780000,0.0069575624,0.1191518235,0.0074391465,0.1224252192
19.790000,0.0066461535,0.1278895166,0.0020425821,0.1225453337
19.800000,0.0063342863,0.1364960415,0.0097470143,0.1304071547
19.810000,0.0060227128,0.1449625839,0.0149864770,0.1417982568
19.820000,0.0057121773,0.1532804820,0.0074805061,0.1527625314
19.830000,0.0054034158,0.1614412359,0.0058456287,0.1690151206
19.840000,0.0050971546,0.1694365160,0.0068256490,0.1698460297
19.850000,0.0047941090,0.1772581716,-0.0060397825,0.1801800967
19.860000,0.0044949825,0.1848982393,0.0094174131,0.1859303912
19.870000,0.0042004655,0.1923489502,0.0118551758,0.1898252032
19.880000,0.0039112340,0.1996027383,0.0037119529,0.2043861256
19.890000,0.0036279487,0.2066522472,0.0033429659,0.2181015440
19.900000,0.0033512543,0.2134903375,0.0068824187,0.2155761142
19.910000,0.0030817776,0.2201100934,0.0055138732,0.2231786428
19.920000,0.0028201276,0.2265048288,-0.0063618859,0.2220485449
19.930000,0.0025668936,0.2326680940,-0.0015530110,0.2364124882
19.940000,0.0023226447,0.2385936812,0.0105026893,0.2423310874
19.950000,0.0020879291,0.2442756299,-0.0007796786,0.2467558228
19.960000,0.0018632727,0.2497082324,0.0105606643,0.2388952730
19.970000,0.0016491786,0.2548860385,0.0032851373,0.2572828630
19.980000,0.0014461266,0.2598038605,0.0015486773,0.2493786686
19.990000,0.0012545717,0.2644567771,-0.0015647182,0.2626449618
20.000000,0.0010749440,0.2688401377,0.0036490990,0.2710164455
